,address,listingby,price,beds,baths,sqft,building_type,price/sqft
0,"956 Valencia St. | 956 Valencia St, San Francisco, CA",NaN,"$4,595+ 4 bds",NaN,NaN,NaN,NaN,NaN
1,"333 Main St UNIT 4J, San Francisco, CA 94105",NaN,"$3,650/mo",1 bd,1 ba,815 sqft,- Apartment for rent,NaN
2,"1271 10th Ave, San Francisco, CA 94122",NaN,"$4,900/mo",3 bds,1.5 ba,"1,675 sqft",- Apartment for rent,NaN
3,"2027 Market St APT 9, San Francisco, CA 94114",NaN,"$4,200/mo",2 bds,2 ba,"1,032 sqft",- Condo for rent,NaN
4,"161 Broderick St #3, San Francisco, CA 94117",NaN,"$2,795/mo",1 bd,1 ba,910 sqft,- Apartment for rent,NaN
5,"1755 Filbert St APT 1D, San Francisco, CA 94123",NaN,"$4,200/mo",1 bd,1 ba,"1,000 sqft",- Apartment for rent,NaN
6,"3070 California St, San Francisco, CA",NaN,"$3,000+ 2 bds",NaN,NaN,NaN,NaN,NaN
7,"198 Hancock St #A, San Francisco, CA 94114",NaN,"$2,250/mo",1 bd,1 ba,500 sqft,- Apartment for rent,NaN
8,"1160 Mission St, San Francisco, CA",NaN,"$3,000+ 1 bd","$4,980 3 bds",NaN,NaN,NaN,NaN
9,"47 Oakwood St, San Francisco, CA 94110",NaN,"$3,600/mo",2 bds,1 ba,-- sqft,- Apartment for rent,NaN
10,"969 Hampshire St #A, San Francisco, CA 94110",NaN,"$4,500/mo",2 bds,1 ba,"1,322 sqft",- Apartment for rent,NaN
11,"253 Collingwood St, San Francisco, CA 94114",NaN,"$24,995/mo",5 bds,4 ba,"4,015 sqft",- House for rent,NaN
12,"(undisclosed Address), San Francisco, CA 94115",NaN,"$7,000/mo",4 bds,2 ba,"1,500 sqft",- Apartment for rent,NaN
13,"125 3rd Ave APT 1, San Francisco, CA 94118",NaN,"$1,400/mo",1 bd,1 ba,750 sqft,- Apartment for rent,NaN
14,"2851 Fillmore St #7, San Francisco, CA 94123",NaN,"$2,400/mo",Studio,1 ba,350 sqft,- Apartment for rent,NaN
15,"1225 Bay St, San Francisco, CA",NaN,"$2,750+ 1 bd",NaN,NaN,NaN,NaN,NaN
16,"2117 Pierce St, San Francisco, CA 94115",NaN,"$2,795/mo",1 bd,1 ba,-- sqft,- Apartment for rent,NaN
17,"200 Brannan St APT 322, San Francisco, CA 94107",NaN,"$6,250/mo",3 bds,2 ba,"2,042 sqft",- Apartment for rent,NaN
18,"1247 Harrison St APT 21, San Francisco, CA 94103",NaN,"$3,500/mo",1 bd,1.5 ba,"1,089 sqft",- Apartment for rent,NaN
19,"71 Harper St, San Francisco, CA 94131",NaN,"$2,500/mo",1 bd,1 ba,-- sqft,- Apartment for rent,NaN
20,"900 Bush St, San Francisco, CA",NaN,"$2,500+ 1 bd",NaN,NaN,NaN,NaN,NaN
21,"2146 Van Ness Ave #7, San Francisco, CA 94109",NaN,"$2,195/mo",1 bd,1 ba,-- sqft,- Apartment for rent,NaN
22,"8101 Geary Blvd APT 304, San Francisco, CA 94121",NaN,"$2,495/mo",2 bds,1 ba,-- sqft,- Apartment for rent,NaN
23,"2340 Pacific Ave APT 104, San Francisco, CA 94115",NaN,"$2,995/mo",1 bd,1 ba,750 sqft,- Apartment for rent,NaN
24,"258 Baltimore Way, San Francisco, CA 94112",NaN,"$4,750/mo",4 bds,3 ba,"1,438 sqft",- House for rent,NaN
25,"2909-2911 Irving St, San Francisco, CA 94122",NaN,"$9,000/mo",5 bds,5 ba,"2,936 sqft",- House for rent,NaN
26,"129 Arkansas St APT 3, San Francisco, CA 94107",NaN,"$2,890/mo",1 bd,1 ba,650 sqft,- Apartment for rent,NaN
27,"1295 47th Ave - 11 | 1295 47th Ave, San Francisco, CA",NaN,"$2,400+ 2 bds",NaN,NaN,NaN,NaN,NaN
28,"1241 Scott St, San Francisco, CA",NaN,"$4,500 2 bds","$5,200 3 bds",NaN,NaN,NaN,NaN
29,"(undisclosed Address), San Francisco, CA 94122",NaN,"$6,000/mo",5 bds,2 ba,"2,200 sqft",- House for rent,NaN
30,"Windsor at Dogpatch | 2660 3rd St, San Francisco, CA",NaN,"$2,120+ Studio","$2,985+ 1 bd","$3,190+ 2 bds",NaN,NaN,NaN
31,"2265 Larkin St APT 19, San Francisco, CA 94109",NaN,"$1,900/mo",Studio,1 ba,500 sqft,- Apartment for rent,NaN
32,"2480 Washington St APT 408, San Francisco, CA 94115",NaN,"$2,000/mo",Studio,1 ba,540 sqft,- Apartment for rent,NaN
33,"1010 Anza St #104, San Francisco, CA 94118",NaN,"$2,395/mo",1 bd,1 ba,600 sqft,- Apartment for rent,NaN
34,"1302 Taylor St | 1302 Taylor St, San Francisco, CA",NaN,"$2,250+ 1 bd",NaN,NaN,NaN,NaN,NaN
35,"7 Vandewater St STE 303, San Francisco, CA 94133",NaN,"$2,900/mo",1 bd,1 ba,630 sqft,- Apartment for rent,NaN
36,"2001 Mcallister St, San Francisco, CA",NaN,"$3,000+ 1 bd",NaN,NaN,NaN,NaN,NaN
37,"199 Tiffany Ave APT 305, San Francisco, CA 94110",NaN,"$3,500/mo",2 bds,2 ba,934 sqft,- Apartment for rent,NaN
38,"1221 Harrison St APT 8, San Francisco, CA 94103",NaN,"$4,400/mo",1 bd,2 ba,"1,400 sqft",- Apartment for rent,NaN
39,"Olume | 1401 Mission St, San Francisco, CA",NaN,"$2,313+ Studio","$2,993+ 1 bd","$3,727+ 2 bds",NaN,NaN,NaN
40,"2749 McAllister #6 | 2749 Mcallister St, San Francisco, CA",NaN,"$2,200 1 bd","$2,950+ 2 bds",NaN,NaN,NaN,NaN
41,"One Henry Adams | 1 Henry Adams St S, San Francisco, CA",NaN,"$2,337+ Studio","$2,982+ 1 bd","$3,926+ 2 bds",NaN,NaN,NaN
42,"2088 Bush St, San Francisco, CA 94115",NaN,"$3,295/mo",1 bd,1 ba,650 sqft,- House for rent,NaN
43,"1085 Washington St, San Francisco, CA",NaN,"$2,150 1 bd","$2,395 3 bds","$2,450 4 bds",NaN,NaN,NaN
44,"260 Page St, San Francisco, CA",NaN,"$2,195+ Studio",NaN,NaN,NaN,NaN,NaN
45,"2002 3rd St APT 106, San Francisco, CA 94107",NaN,"$3,500/mo",1 bd,1.5 ba,776 sqft,- Apartment for rent,NaN
46,"1878 Market St #202, San Francisco, CA 94102",NaN,"$1,175/mo",Studio,1 ba,-- sqft,- Apartment for rent,NaN
47,"4670 25th St, San Francisco, CA 94114",NaN,"$4,995/mo",2 bds,2 ba,993 sqft,- Apartment for rent,NaN
48,"30 Corwin St APT 7, San Francisco, CA 94114",NaN,"$3,250/mo",2 bds,1 ba,-- sqft,- Apartment for rent,NaN
49,"88 King St, San Francisco, CA",NaN,"$4,250+ 2 bds",NaN,NaN,NaN,NaN,NaN
50,"1748 Hyde St, San Francisco, CA 94109",NaN,"$2,950/mo",3 bds,1 ba,-- sqft,- Apartment for rent,NaN
51,"3561 Pierce St, San Francisco, CA 94123",NaN,"$4,500/mo",2 bds,1 ba,"1,400 sqft",- Apartment for rent,NaN
52,"446 11th Ave APT 1, San Francisco, CA 94118",NaN,"$3,250/mo",2 bds,1.5 ba,"1,050 sqft",- Apartment for rent,NaN
53,"749 34th Ave, San Francisco, CA 94121",NaN,"$4,995/mo",4 bds,4 ba,-- sqft,- House for rent,NaN
54,"1012 Stanyan St, San Francisco, CA 94117",NaN,"$8,500/mo",3 bds,3 ba,"1,755 sqft",- Apartment for rent,NaN
55,"1525 18th St, San Francisco, CA 94107",NaN,"$6,500/mo",4 bds,2 ba,"1,435 sqft",- House for rent,NaN
56,"5940 California St APT 2, San Francisco, CA 94121",NaN,"$2,995/mo",1 bd,1 ba,975 sqft,- Apartment for rent,NaN
57,"520 Clayton St APT 3, San Francisco, CA 94117",NaN,"$2,700/mo",1 bd,1 ba,-- sqft,- Apartment for rent,NaN
58,"18 10th St, San Francisco, CA",NaN,"$4,400+ 1 bd",NaN,NaN,NaN,NaN,NaN
59,"4010 Mission St #1, San Francisco, CA 94112",NaN,"$2,395/mo",1 bd,1 ba,-- sqft,- Apartment for rent,NaN
60,"425 1st St, San Francisco, CA",NaN,"$4,100+ 1 bd","$5,200+ 2 bds",NaN,NaN,NaN,NaN
61,"2320 California St, San Francisco, CA 94115",NaN,"$4,175/mo",3 bds,1 ba,"1,000 sqft",- Apartment for rent,NaN
62,"Alchemy | 200 Buchanan St, San Francisco, CA",NaN,"$3,325+ 1 bd","$4,505+ 2 bds",NaN,NaN,NaN,NaN
63,"Dolores Coliving | 1813 15th St, San Francisco, CA",NaN,"$1,450+ Studio",NaN,NaN,NaN,NaN,NaN
64,"Fox Plaza | 1390 Market St, San Francisco, CA",NaN,"$1,705+ Studio",NaN,NaN,NaN,NaN,NaN
65,"500 Folsom | 500 Folsom St, San Francisco, CA",NaN,"$2,756+ Studio","$3,323+ 1 bd","$5,387+ 2 bds",NaN,NaN,NaN
66,"388 Beale | 388 Beale St, San Francisco, CA",NaN,"$3,998+ 1 bd","$4,713+ 2 bds",NaN,NaN,NaN,NaN
67,"511 Missouri St APT A, San Francisco, CA 94107",NaN,"$9,995/mo",4 bds,2 ba,-- sqft,- Apartment for rent,NaN
68,"615 Cole St APT 1, San Francisco, CA 94117",NaN,"$2,895/mo",2 bds,1 ba,"1,000 sqft",- Apartment for rent,NaN
69,"6 Nottingham Pl ROOM 10, San Francisco, CA 94133",NaN,"$1,475/mo",Studio,1 ba,81 sqft,- Apartment for rent,NaN
70,"1850 Clay St APT 303, San Francisco, CA 94109",NaN,"$2,595/mo",1 bd,1 ba,-- sqft,- Apartment for rent,NaN
71,"802 Indiana St FLOOR 2-ID220, San Francisco, CA 94107",NaN,"$4,020/mo",1 bd,1 ba,667 sqft,- Apartment for rent,NaN
72,"50 8th St #J9ZK1B015, San Francisco, CA 94103",NaN,"$1,650+/mo",Studio,1 ba,325 sqft,- Apartment for rent,NaN
73,"2072 Mission St #8, San Francisco, CA 94110",NaN,"$1,575/mo",Studio,1 ba,125 sqft,- Apartment for rent,NaN
74,"345 6th St | 345 6th St, San Francisco, CA",NaN,"$1,795+ Studio",NaN,NaN,NaN,NaN,NaN
75,"1190 Mission at Trinity Place | 1190 Mission St, San Francisco, CA",NaN,"$1,759+ Studio","$2,399 2 bds",NaN,NaN,NaN,NaN
76,"1385 Clay Street | 1385 Clay St, San Francisco, CA",NaN,"$1,695+ Studio","$2,195+ 1 bd",NaN,NaN,NaN,NaN
77,"1100 Masonic Avenue | 1100 Masonic Ave, San Francisco, CA",NaN,"$2,300+ 1 bd",NaN,NaN,NaN,NaN,NaN
78,"1220 Kearny St, San Francisco, CA 94133",NaN,"$3,800/mo",1 bd,1.5 ba,"1,000 sqft",- House for rent,NaN
79,"1250 California St #69K4ENMKZ, San Francisco, CA 94109",NaN,"$5,295+/mo",3 bds,1 ba,"1,210 sqft",- Apartment for rent,NaN
80,"4155 Cesar Chavez St #9, San Francisco, CA 94131",NaN,"$2,650/mo",1 bd,1 ba,-- sqft,- Apartment for rent,NaN
81,"2485 Chestnut St #305, San Francisco, CA 94123",NaN,"$2,050/mo",Studio,1 ba,511 sqft,- Apartment for rent,NaN
82,"2210 Jackson St, San Francisco, CA 94115",NaN,"$6,700/mo",3 bds,3 ba,-- sqft,- Apartment for rent,NaN
83,"1845 Green Street | 1845 Green St, San Francisco, CA",NaN,"$2,125 Studio","$2,425 1 bd",NaN,NaN,NaN,NaN
84,"16 Cole St APT 3, San Francisco, CA 94117",NaN,"$2,250/mo",1 bd,1 ba,525 sqft,- Apartment for rent,NaN
85,"510 3rd Avenue | 510 3rd Ave, San Francisco, CA",NaN,"$2,350 1 bd","$2,995 2 bds",NaN,NaN,NaN,NaN
86,"2148 Broderick St APT 2, San Francisco, CA 94115",NaN,"$1,450/mo",Studio,1 ba,194 sqft,- Apartment for rent,NaN
87,"Webster Tower and Terrace | 1489 Webster St, San Francisco, CA",NaN,"$2,195+ 1 bd","$2,550+ 2 bds","$3,400+ 3 bds",NaN,NaN,NaN
88,"(undisclosed Address), San Francisco, CA 94112",NaN,"$4,000/mo",3 bds,2 ba,"1,550 sqft",- Apartment for rent,NaN
89,"111 Chestnut St, San Francisco, CA 94111",NaN,"$3,150/mo",1 bd,1 ba,620 sqft,- House for rent,NaN
90,"949 Fell St APT 11, San Francisco, CA 94117",NaN,"$5,395/mo",3 bds,3 ba,"1,200 sqft",- Apartment for rent,NaN
91,"180 Guerrero St #A, San Francisco, CA 94103",NaN,"$4,145/mo",2 bds,1 ba,935 sqft,- Apartment for rent,NaN
92,"539 Octavia St APT 16, San Francisco, CA 94102",NaN,"$1,525/mo",Studio,1 ba,-- sqft,- Apartment for rent,NaN
93,"1188 Mission at Trinity Place | 1188 Mission St, San Francisco, CA",NaN,"$1,719+ Studio","$2,199+ 1 bd",NaN,NaN,NaN,NaN
94,"2459 Larkin St APT 9, San Francisco, CA 94109",NaN,"$11,595/mo",5 bds,3.5 ba,"2,660 sqft",- Apartment for rent,NaN
95,"2240 Larkin St APT 204, San Francisco, CA 94109",NaN,"$3,995/mo",2 bds,1 ba,670 sqft,- Apartment for rent,NaN
96,"3150 Franklin St #5, San Francisco, CA 94123",NaN,"$4,895/mo",2 bds,1 ba,879 sqft,- Apartment for rent,NaN
97,"Grosvenor Court | 2055 Sacramento St, San Francisco, CA",NaN,"$2,100+ 1 bd","$2,600+ 2 bds",NaN,NaN,NaN,NaN
98,"1833 Filbert St APT 6, San Francisco, CA 94123",NaN,"$4,750/mo",3 bds,2 ba,"1,100 sqft",- Apartment for rent,NaN
99,"175 28th St, San Francisco, CA",NaN,"$3,150 1 bd","$3,950 2 bds",NaN,NaN,NaN,NaN
100,"3266 21st St | 3266 21st St, San Francisco, CA",NaN,"$1,795+ Studio",NaN,NaN,NaN,NaN,NaN
101,"2400 Van Ness Ave | 2400 Van Ness Ave, San Francisco, CA",NaN,"$2,295+ 1 bd","$2,895+ 2 bds",NaN,NaN,NaN,NaN
102,"400 Dolores St APT 12, San Francisco, CA 94110",NaN,"$1,950/mo",Studio,1 ba,-- sqft,- Apartment for rent,NaN
103,"16 Laguna St APT 103, San Francisco, CA 94102",NaN,"$2,895/mo",2 bds,1 ba,721 sqft,- Apartment for rent,NaN
104,"414 Bryant St #1, San Francisco, CA 94107",NaN,"$2,100/mo",Studio,1 ba,178 sqft,- Apartment for rent,NaN
105,"1 Hill St #301, San Francisco, CA 94110",NaN,"$3,150/mo",2 bds,1 ba,548 sqft,- Apartment for rent,NaN
106,"381 Turk St. | 381 Turk St, San Francisco, CA",NaN,"$1,395 Studio","$1,895 1 bd",NaN,NaN,NaN,NaN
107,"Empire Court | 1091 Bush St, San Francisco, CA",NaN,"$1,395+ Studio","$1,825+ 1 bd",NaN,NaN,NaN,NaN
108,"140 Duboce Ave APT 205, San Francisco, CA 94103",NaN,"$2,895/mo",2 bds,1 ba,626 sqft,- Apartment for rent,NaN
109,"2136 Broderick | 2136 Broderick St, San Francisco, CA",NaN,"$1,750+ Studio",NaN,NaN,NaN,NaN,NaN
110,"1517 Baker St, San Francisco, CA 94115",NaN,"$5,900/mo",2 bds,2 ba,"1,600 sqft",- House for rent,NaN
111,"57 Taylor | 57 Taylor St, San Francisco, CA",NaN,"$1,495+ Studio","$1,695+ 1 bd",NaN,NaN,NaN,NaN
112,"(undisclosed Address), San Francisco, CA 94124",NaN,"$1,900/mo",1 bd,1 ba,400 sqft,- Apartment for rent,NaN
113,"77 Bluxome | 77 Bluxome St, San Francisco, CA",NaN,"$1,669+ Studio",NaN,NaN,NaN,NaN,NaN
114,"801 Jones St #103, San Francisco, CA 94109",NaN,"$1,450/mo",Studio,1 ba,400 sqft,- Apartment for rent,NaN
115,"1499 California St. | 1499 California St, San Francisco, CA",NaN,"$1,275+ Studio",NaN,NaN,NaN,NaN,NaN
116,"845 Sutter | 845 Sutter St, San Francisco, CA",NaN,"$1,450 Studio","$1,850+ 1 bd",NaN,NaN,NaN,NaN
117,"180 Avila St, San Francisco, CA 94123",NaN,"$8,500/mo",4 bds,1.5 ba,"2,750 sqft",- House for rent,NaN
118,"320-324 14th St #1, San Francisco, CA 94103",NaN,"$2,095/mo",1 bd,1 ba,484 sqft,- Apartment for rent,NaN
119,"526 Liberty St, San Francisco, CA 94114",NaN,"$15,000/mo",5 bds,3 ba,"2,400 sqft",- House for rent,NaN
120,"2420 Franklin St, San Francisco, CA",NaN,"$2,600+ 1 bd",NaN,NaN,NaN,NaN,NaN
121,"240 Dolores Street Apartments | 240 Dolores St, San Francisco, CA",NaN,"$2,599+ 1 bd",NaN,NaN,NaN,NaN,NaN
122,"Terra Vista | 70 Terra Vista Ave, San Francisco, CA",NaN,"$2,195+ 1 bd","$2,995+ 2 bds",NaN,NaN,NaN,NaN
123,"3000 23rd St #318, San Francisco, CA 94110",NaN,"$2,200/mo",1 bd,1 ba,600 sqft,- Apartment for rent,NaN
124,"855 Folsom St, San Francisco, CA",NaN,"$3,195+ 1 bd",NaN,NaN,NaN,NaN,NaN
125,"Carillon Tower | 1100 Gough St, San Francisco, CA",NaN,"$2,550+ 1 bd","$2,700+ 2 bds","$4,000 3 bds",NaN,NaN,NaN
126,"South Beach Marina Apartments | 2 Townsend St, San Francisco, CA",NaN,"$2,769+ 1 bd","$3,808+ 2 bds",NaN,NaN,NaN,NaN
127,"21 Beaumont Ave, San Francisco, CA 94118",NaN,"$2,950/mo",2 bds,1 ba,"3,116 sqft",- House for rent,NaN
128,"704 Bush St | 704 Bush St, San Francisco, CA",NaN,"$1,695 Studio","$5,500 2 bds",NaN,NaN,NaN,NaN
129,"320 Turk | 318 Turk St, San Francisco, CA",NaN,"$1,595+ Studio","$1,795 1 bd",NaN,NaN,NaN,NaN
130,"650 Ellis | 650 Ellis St, San Francisco, CA",NaN,"$1,445+ Studio",NaN,NaN,NaN,NaN,NaN
131,"4719 18th St, San Francisco, CA 94114",NaN,"$3,200/mo",1 bd,1 ba,840 sqft,- Townhouse for rent,NaN
132,"184 25th Ave, San Francisco, CA 94121",NaN,"$8,300/mo",5 bds,2 ba,"2,300 sqft",- House for rent,NaN
133,"1415 5th Ave APT 3, San Francisco, CA 94122",NaN,"$2,985/mo",1 bd,1 ba,-- sqft,- Apartment for rent,NaN
134,"3201 23rd St APT 303, San Francisco, CA 94110",NaN,"$2,945/mo",2 bds,1 ba,679 sqft,- Apartment for rent,NaN
135,"977 Pine | 977 Pine St, San Francisco, CA",NaN,"$2,195+ 1 bd",NaN,NaN,NaN,NaN,NaN
136,"Parkmerced | 3711 19th Ave, San Francisco, CA",NaN,"$2,800+ 1 bd","$4,045+ 2 bds","$4,674+ 3 bds",NaN,NaN,NaN
137,"747 Ellis | 747 Ellis St, San Francisco, CA",NaN,"$2,095+ 1 bd",NaN,NaN,NaN,NaN,NaN
138,"816 Geary St APT 33, San Francisco, CA 94109",NaN,"$1,495/mo",Studio,1 ba,269 sqft,- Apartment for rent,NaN
139,"Oak Shrader Apartments | 1995-1999 Oak St, San Francisco, CA",NaN,"$2,195 Studio","$2,895 1 bd","$3,795 2 bds","$3,895+ 3 bds",NaN,NaN
140,"415 Buchanan St #R, San Francisco, CA 94102",NaN,"$2,395/mo",1 bd,1 ba,570 sqft,- Apartment for rent,NaN
141,"540 Leavenworth | 540 Leavenworth St, San Francisco, CA",NaN,"$1,395+ Studio","$1,995+ 1 bd","$2,895 2 bds",NaN,NaN,NaN
142,"605 Jones | 605 Jones St, San Francisco, CA",NaN,"$1,495+ Studio","$1,995+ 1 bd",NaN,NaN,NaN,NaN
143,"Rincon Green | 333 Harrison St, San Francisco, CA",NaN,"$2,650+ Studio","$2,795+ 1 bd","$3,875+ 2 bds",NaN,NaN,NaN
144,"2737 Sutter | 2737 Sutter St, San Francisco, CA",NaN,"$3,395+ 2 bds",NaN,NaN,NaN,NaN,NaN
145,"970 Geary St | 970 Geary St, San Francisco, CA",NaN,"$1,995+ 1 bd",NaN,NaN,NaN,NaN,NaN
146,"150 Van Ness | 150 Van Ness Ave, San Francisco, CA",NaN,"$2,300+ Studio","$2,600+ 1 bd","$4,000+ 2 bds","$5,900+ 3 bds",NaN,NaN
147,"3875 18th Street | 3875 18th St, San Francisco, CA",NaN,"$3,395+ 2 bds",NaN,NaN,NaN,NaN,NaN
148,"91 Elgin Park, San Francisco, CA 94103",NaN,"$3,788/mo",2 bds,1 ba,"1,000 sqft",- Apartment for rent,NaN
149,"800 Lyon St #802, San Francisco, CA 94115",NaN,"$4,795/mo",3 bds,1 ba,886 sqft,- Apartment for rent,NaN
150,"3475 16th St #81PKCZZPX, San Francisco, CA 94114",NaN,"$2,495+/mo",1 bd,1 ba,700 sqft,- Apartment for rent,NaN
151,"861 Sutter St | 861 Sutter St, San Francisco, CA",NaN,"$1,695+ Studio","$2,495 2 bds",NaN,NaN,NaN,NaN
152,"2059 Golden Gate Ave #5, San Francisco, CA 94115",NaN,"$4,500/mo",2 bds,2 ba,"1,000 sqft",- Apartment for rent,NaN
153,"252 9th St #204, San Francisco, CA 94103",NaN,"$3,250/mo",2 bds,1 ba,815 sqft,- Apartment for rent,NaN
154,"1000-1010 Bush Street | 1000-1010 Bush St, San Francisco, CA",NaN,$900+ Studio,NaN,NaN,NaN,NaN,NaN
155,"2765 Gough St, San Francisco, CA",NaN,"$2,297+ 1 bd",NaN,NaN,NaN,NaN,NaN
156,"757 Leavenworth St #401, San Francisco, CA 94109",NaN,"$1,495/mo",Studio,1 ba,400 sqft,- Apartment for rent,NaN
157,"545 O'Farrell St. | 545 Ofarrell St, San Francisco, CA",NaN,"$1,425+ Studio","$1,995+ 1 bd",NaN,NaN,NaN,NaN
158,"839 Leavenworth St. | 839 Leavenworth St, San Francisco, CA",NaN,"$1,325+ Studio",NaN,NaN,NaN,NaN,NaN
159,"2128 Van Ness Ave #404, San Francisco, CA 94109",NaN,"$2,995/mo",2 bds,1 ba,620 sqft,- Apartment for rent,NaN
160,"1595 Pacific Ave, San Francisco, CA",NaN,"$3,175 1 bd","$7,500 2 bds",NaN,NaN,NaN,NaN
161,"45-47 Pearl St #45A, San Francisco, CA 94103",NaN,"$2,800/mo",1 bd,1 ba,600 sqft,- Apartment for rent,NaN
162,"1060 Bush St. | 1060 Bush St, San Francisco, CA",NaN,"$1,495 Studio","$2,525 1 bd","$2,895 2 bds",NaN,NaN,NaN
163,"811 Ashbury St #1, San Francisco, CA 94117",NaN,"$5,400/mo",3 bds,2 ba,"1,800 sqft",- Apartment for rent,NaN
164,"(undisclosed Address), San Francisco, CA 94132",NaN,"$4,500/mo",3 bds,2 ba,"1,350 sqft",- House for rent,NaN
165,"1424 Valencia St #4, San Francisco, CA 94110",NaN,"$1,895/mo",Studio,1 ba,359 sqft,- Apartment for rent,NaN
166,"726 Bush St APT 404, San Francisco, CA 94108",NaN,"$1,795/mo",Studio,1 ba,245 sqft,- Apartment for rent,NaN
167,"1025 Steiner St #12, San Francisco, CA 94115",NaN,"$1,895/mo",Studio,1 ba,305 sqft,- Apartment for rent,NaN
168,"520 Scott St APT 8, San Francisco, CA 94117",NaN,"$3,395/mo",2 bds,1 ba,608 sqft,- Apartment for rent,NaN
169,"146 McAllister St. | 146 Mcallister St, San Francisco, CA",NaN,"$1,450+ Studio","$2,795 3 bds",NaN,NaN,NaN,NaN
170,"449 O'Farrell | 449 Ofarrell St, San Francisco, CA",NaN,"$1,495+ Studio",NaN,NaN,NaN,NaN,NaN
171,"1029 Geary St. | 1029 Geary St, San Francisco, CA",NaN,"$1,895+ 1 bd",NaN,NaN,NaN,NaN,NaN
172,"1301 Leavenworth | 1301 Leavenworth St, San Francisco, CA",NaN,"$1,895 Studio","$3,195+ 2 bds",NaN,NaN,NaN,NaN
173,"The Gateway | 430 Davis Ct, San Francisco, CA",NaN,"$2,201+ Studio","$2,420+ 1 bd","$3,124+ 2 bds","$6,439 3 bds",NaN,NaN
174,"346 Leavenworth | 346 Leavenworth St, San Francisco, CA",NaN,"$1,595+ Studio",NaN,NaN,NaN,NaN,NaN
175,"430 Davis Ct #2-1306, San Francisco, CA 94111",NaN,"$3,881/mo",2 bds,2 ba,965 sqft,- Apartment for rent,NaN
176,"930 Sutter St, San Francisco, CA 94109",NaN,"$1,995/mo",1 bd,1 ba,387 sqft,- Apartment for rent,NaN
177,"The Wilson | 973 Market St, San Francisco, CA",NaN,"$2,291+ Studio","$2,178+ 1 bd","$3,535+ 2 bds",NaN,NaN,NaN
178,"784 Geary St #2250418, San Francisco, CA 94109",NaN,"$1,895+/mo",1 bd,1 ba,479 sqft,- Apartment for rent,NaN
179,"25 Capra Way #965JUMH1Y, San Francisco, CA 94123",NaN,"$3,795+/mo",Studio,1 ba,528 sqft,- Apartment for rent,NaN
180,"1444 Pacific Ave APT 4, San Francisco, CA 94109",NaN,"$2,800/mo",1 bd,1 ba,760 sqft,- Apartment for rent,NaN
181,"322 Stanyan St #2288, San Francisco, CA 94118",NaN,"$3,995/mo",3 bds,1 ba,985 sqft,- Apartment for rent,NaN
182,"677 Ellis St APT 10, San Francisco, CA 94109",NaN,"$1,495/mo",Studio,1 ba,304 sqft,- Apartment for rent,NaN
183,"891 Post St. | 891 Post St, San Francisco, CA",NaN,"$1,445+ Studio",NaN,NaN,NaN,NaN,NaN
184,"1509 Golden Gate Ave #103, San Francisco, CA 94115",NaN,"$2,295/mo",1 bd,1 ba,504 sqft,- Apartment for rent,NaN
185,"409 Laguna St APT 3D, San Francisco, CA 94102",NaN,"$2,695/mo",1 bd,1 ba,646 sqft,- Apartment for rent,NaN
186,"1050 Post | 1050 Post St, San Francisco, CA",NaN,"$1,395+ Studio","$2,095+ 1 bd",NaN,NaN,NaN,NaN
187,"1675 Clay St #5954JR3U0, San Francisco, CA 94109",NaN,"$3,795+/mo",2 bds,1 ba,613 sqft,- Apartment for rent,NaN
188,"455 Hyde | 455 Hyde St, San Francisco, CA",NaN,"$2,245+ 1 bd",NaN,NaN,NaN,NaN,NaN
189,"700 Steiner St #2003, San Francisco, CA 94117",NaN,"$2,150/mo",Studio,1 ba,410 sqft,- Apartment for rent,NaN
190,"333 Presidio Ave APT 3, San Francisco, CA 94115",NaN,"$3,395/mo",2 bds,1 ba,880 sqft,- Apartment for rent,NaN
191,"1064 Dolores St APT 4, San Francisco, CA 94110",NaN,"$4,095/mo",2 bds,1 ba,729 sqft,- Apartment for rent,NaN
192,"340 Church St #8, San Francisco, CA 94114",NaN,"$3,795/mo",2 bds,1 ba,755 sqft,- Apartment for rent,NaN
193,"1725 Turk St #11, San Francisco, CA 94115",NaN,"$3,495/mo",2 bds,1 ba,708 sqft,- Apartment for rent,NaN
194,"2737 Sutter | 2737 Sutter St, San Francisco, CA",NaN,"$3,395+ 2 bds",NaN,NaN,NaN,NaN,NaN
195,"390 Rolph St, San Francisco, CA 94112",NaN,"$3,950/mo",3 bds,1 ba,"1,655 sqft",- House for rent,NaN
196,"333 Hyde | 333-335 Hyde St, San Francisco, CA",NaN,"$1,295+ Studio",NaN,NaN,NaN,NaN,NaN
197,"10 Brighton Ave, San Francisco, CA 94112",NaN,"$5,500/mo",5 bds,4 ba,"1,750 sqft",- House for rent,NaN
198,"1568 Lombard St #3457720, San Francisco, CA 94123",NaN,"$2,395+/mo",1 bd,1 ba,650 sqft,- Apartment for rent,NaN
199,"Mt. Sutro | 480 Warren Dr, San Francisco, CA",NaN,"$2,395+ 1 bd",NaN,NaN,NaN,NaN,NaN
200,"333 Hyde | 333-335 Hyde St, San Francisco, CA",NaN,"$1,295+ Studio",NaN,NaN,NaN,NaN,NaN
201,"10 Brighton Ave, San Francisco, CA 94112",NaN,"$5,500/mo",5 bds,4 ba,"1,750 sqft",- House for rent,NaN
202,"1568 Lombard St #3457720, San Francisco, CA 94123",NaN,"$2,395+/mo",1 bd,1 ba,650 sqft,- Apartment for rent,NaN
203,"Mt. Sutro | 480 Warren Dr, San Francisco, CA",NaN,"$2,395+ 1 bd",NaN,NaN,NaN,NaN,NaN
204,"1650 California Street | 1650 California St, San Francisco, CA",NaN,"$1,695+ Studio","$2,495+ 1 bd",NaN,NaN,NaN,NaN
205,"Filbert Street | 1472 Filbert St, San Francisco, CA",NaN,"$2,095 Studio","$2,695 1 bd","$4,495 2 bds","$4,695 3 bds",NaN,NaN
206,"627 Corbett Ave APT 5, San Francisco, CA 94114",NaN,"$2,200/mo",Studio,1 ba,200 sqft,- Apartment for rent,NaN
207,"36 Miley St, San Francisco, CA 94123",NaN,"$3,950/mo",2 bds,1 ba,-- sqft,- Apartment for rent,NaN
208,"3877 Cesar Chavez St #C, San Francisco, CA 94131",NaN,"$3,295/mo",1 bd,1 ba,857 sqft,- Apartment for rent,NaN
209,"2824-2828 Geary Blvd #2824-002, San Francisco, CA 94118",NaN,"$3,595/mo",3 bds,2 ba,921 sqft,- Apartment for rent,NaN
210,"781 O'Farrell | 781 Ofarrell St, San Francisco, CA",NaN,"$2,195+ 1 bd",NaN,NaN,NaN,NaN,NaN
211,"2385-2389 Folsom St #201, San Francisco, CA 94110",NaN,"$1,895/mo",Studio,1 ba,297 sqft,- Apartment for rent,NaN
212,"530 Linden St, San Francisco, CA 94102",NaN,"$4,990/mo",3 bds,1 ba,"1,000 sqft",- Apartment for rent,NaN
213,"840 Van Ness | 840 Van Ness Ave, San Francisco, CA",NaN,"$1,595+ Studio","$2,295 1 bd","$2,795 2 bds",NaN,NaN,NaN
214,"1030-1042 Polk | 1030-1042 Polk St, San Francisco, CA",NaN,"$2,295+ 1 bd",NaN,NaN,NaN,NaN,NaN
215,"1445 Mason St #14, San Francisco, CA 94133",NaN,"$2,395/mo",1 bd,1 ba,650 sqft,- Apartment for rent,NaN
216,"925 Pierce St #3, San Francisco, CA 94115",NaN,"$2,445/mo",1 bd,1 ba,533 sqft,- Apartment for rent,NaN
217,"925 Geary | 925 Geary St, San Francisco, CA",NaN,"$1,495+ Studio","$2,295+ 1 bd",NaN,NaN,NaN,NaN
218,"1720 Leavenworth St #829YGY7CA, San Francisco, CA 94109",NaN,"$2,295+/mo",1 bd,1 ba,363 sqft,- Apartment for rent,NaN
219,"676 Geary | 676 Geary St, San Francisco, CA",NaN,"$1,495+ Studio","$2,295 1 bd","$2,695+ 2 bds",NaN,NaN,NaN
220,"798 Post | 798 Post St, San Francisco, CA",NaN,"$1,350+ Studio","$2,295+ 1 bd",NaN,NaN,NaN,NaN
221,"520 Buchanan | 520 Buchanan St, San Francisco, CA",NaN,"$2,795+ 1 bd","$3,295 2 bds",NaN,NaN,NaN,NaN
222,"630 Alvarado | 630 Alvarado St, San Francisco, CA",NaN,"$2,795+ 1 bd",NaN,NaN,NaN,NaN,NaN
223,"901 Bush St APT 305, San Francisco, CA 94109",NaN,"$2,800/mo",1 bd,1 ba,552 sqft,- Apartment for rent,NaN
224,"Towers at Rincon | 88 Howard St, San Francisco, CA",NaN,"$3,015+ Studio","$3,830 1 bd","$4,705+ 2 bds",NaN,NaN,NaN
225,"280 San Leandro Way, San Francisco, CA 94127",NaN,"$5,350/mo",3 bds,2 ba,"1,524 sqft",- House for rent,NaN
226,"395 Stonecrest Dr, San Francisco, CA 94132",NaN,"$5,500/mo",3 bds,2 ba,"1,595 sqft",- House for rent,NaN
227,"2012 Baker St #1, San Francisco, CA 94115",NaN,"$1,900/mo",1 bd,1 ba,-- sqft,- Apartment for rent,NaN
228,"1509 25th Ave, San Francisco, CA",NaN,"$1,500+ 1 bd",NaN,NaN,NaN,NaN,NaN
229,"750 O'Farrell St | 750 Ofarrell St, San Francisco, CA",NaN,"$1,595+ Studio","$1,945+ 1 bd",NaN,NaN,NaN,NaN
230,"3783 20th Street | 3783 20th St, San Francisco, CA",NaN,"$2,995 1 bd","$3,795 2 bds",NaN,NaN,NaN,NaN
231,"510 Stockton | 510 Stockton St, San Francisco, CA",NaN,"$2,795+ 1 bd","$3,695+ 2 bds",NaN,NaN,NaN,NaN
232,"3014 Clay St APT 2C, San Francisco, CA 94115",NaN,"$3,995/mo",2 bds,1 ba,924 sqft,- Apartment for rent,NaN
233,"48-50 Golden Gate Ave. | 48-50 Golden Gate, San Francisco, CA",NaN,"$1,625+ Studio",NaN,NaN,NaN,NaN,NaN
234,"1800 Turk St APT 301, San Francisco, CA 94115",NaN,"$4,850/mo",2 bds,2 ba,"1,215 sqft",- Apartment for rent,NaN
235,"1560 Sacramento | 1560 Sacramento St, San Francisco, CA",NaN,"$2,295+ 1 bd","$2,995+ 2 bds",NaN,NaN,NaN,NaN
236,"2065 Fulton St, San Francisco, CA 94117",NaN,"$4,500/mo",3 bds,1 ba,"1,447 sqft",- Apartment for rent,NaN
237,"500 Stanyan | 500 Stanyan St, San Francisco, CA",NaN,"$3,695+ 2 bds",NaN,NaN,NaN,NaN,NaN
238,"1384 Mcallister St #TOP, San Francisco, CA 94115",NaN,"$3,299/mo",1 bd,1 ba,700 sqft,- Apartment for rent,NaN
239,"2335 Pacific Ave #AE72UE0P8, San Francisco, CA 94115",NaN,"$4,495+/mo",3 bds,2 ba,"1,700 sqft",- Apartment for rent,NaN
240,"500 Hudson Ave, San Francisco, CA 94124",NaN,"$5,500/mo",3 bds,2.5 ba,"1,510 sqft",- Townhouse for rent,NaN
241,"1177 Market at Trinity Place | 1177 Market St, San Francisco, CA",NaN,"$2,330+ 1 bd","$2,760+ 2 bds",NaN,NaN,NaN,NaN
242,"954 Geary St | 954 Geary St, San Francisco, CA",NaN,"$1,550+ Studio",NaN,NaN,NaN,NaN,NaN
243,"Potrero Launch | 2235 3rd St, San Francisco, CA",NaN,"$2,769+ 1 bd","$3,506+ 2 bds",NaN,NaN,NaN,NaN
244,"469 Clementina St APT 16, San Francisco, CA 94103",NaN,"$2,795/mo",1 bd,1 ba,650 sqft,- Apartment for rent,NaN
245,"1690 N Point St #202, San Francisco, CA 94123",NaN,"$4,695/mo",2 bds,1 ba,859 sqft,- Apartment for rent,NaN
246,"1668 Washington St APT 6, San Francisco, CA 94109",NaN,"$3,795/mo",2 bds,1 ba,634 sqft,- Apartment for rent,NaN
247,"338 Main St, San Francisco, CA",NaN,"$3,500+ 1 bd","$5,188+ 2 bds","$29,000 3 bds",NaN,NaN,NaN
248,"980 Bush St | 980 Bush St, San Francisco, CA",NaN,"$1,595+ Studio","$2,395+ 1 bd",NaN,NaN,NaN,NaN
249,"818 Van Ness Ave, San Francisco, CA",NaN,"$2,900 1 bd","$4,200 2 bds",NaN,NaN,NaN,NaN
250,"460 S Van Ness Ave APT 6, San Francisco, CA 94103",NaN,"$1,600/mo",Studio,1 ba,-- sqft,- Apartment for rent,NaN
251,"304 Walnut St #6, San Francisco, CA 94118",NaN,"$3,950/mo",3 bds,2 ba,-- sqft,- Apartment for rent,NaN
252,"SoMa Square | 1 Saint Francis Pl, San Francisco, CA",NaN,"$2,672+ Studio","$2,676+ 1 bd","$3,804+ 2 bds",NaN,NaN,NaN
253,"3035 Baker St #201, San Francisco, CA 94123",NaN,"$4,695/mo",2 bds,1 ba,830 sqft,- Apartment for rent,NaN
254,"340 Fremont | 340 Fremont St, San Francisco, CA",NaN,"$2,844+ Studio","$4,008+ 1 bd","$4,735+ 2 bds",NaN,NaN,NaN
255,"512 Arballo Dr, San Francisco, CA 94132",NaN,"$6,889/mo",3 bds,3 ba,"1,401 sqft",- Apartment for rent,NaN
256,"1755 Van Ness Ave | 1755 Van Ness Ave, San Francisco, CA",NaN,"$1,800+ Studio","$2,550+ 1 bd","$3,500+ 2 bds",NaN,NaN,NaN
257,"AVA 55 Ninth | 55 9th St, San Francisco, CA",NaN,"$2,285+ Studio","$2,575+ 1 bd","$3,420+ 2 bds",NaN,NaN,NaN
258,"355 Laguna St #8A8WGZVGW, San Francisco, CA 94102",NaN,"$4,195+/mo",2 bds,2 ba,736 sqft,- Apartment for rent,NaN
259,"Venue | 1155 4th St, San Francisco, CA",NaN,"$3,033+ Studio","$3,165+ 1 bd","$3,990 2 bds",NaN,NaN,NaN
260,"1624 Sacramento St #14, San Francisco, CA 94109",NaN,"$4,595/mo",3 bds,2 ba,977 sqft,- Apartment for rent,NaN
261,"643 Divisadero St #3281027, San Francisco, CA 94117",NaN,"$3,395+/mo",2 bds,1 ba,"1,044 sqft",- Apartment for rent,NaN
262,"1433 Bush St #604, San Francisco, CA 94109",NaN,"$2,950/mo",1 bd,1 ba,611 sqft,- Apartment for rent,NaN
263,"1751 Market St. | 1751 Market St, San Francisco, CA",NaN,"$2,695 1 bd","$2,995+ 2 bds",NaN,NaN,NaN,NaN
264,"3 bed, 1307 sqft, $4,895 | 246 Cole St, San Francisco, CA",NaN,"$4,895+ 3 bds",NaN,NaN,NaN,NaN,NaN
265,"550 Lake St APT 304, San Francisco, CA 94118",NaN,"$3,600/mo",2 bds,1 ba,"1,000 sqft",- Apartment for rent,NaN
266,"Franklin Street Apartments | 1800 Franklin St, San Francisco, CA",NaN,"$4,695+ 3 bds",NaN,NaN,NaN,NaN,NaN
267,"12 Oakwood St #2, San Francisco, CA 94110",NaN,"$3,200/mo",2 bds,1 ba,"1,000 sqft",- Townhouse for rent,NaN
268,"175 21st Ave #NSWGXAWPY, San Francisco, CA 94121",NaN,"$4,295+/mo",2 bds,2 ba,"1,169 sqft",- Apartment for rent,NaN
269,"984 Corbett Ave, San Francisco, CA 94131",NaN,"$6,500/mo",3 bds,2 ba,"1,177 sqft",- House for rent,NaN
270,"651 Fillmore St, San Francisco, CA 94117",NaN,"$4,850/mo",3 bds,1.5 ba,"1,495 sqft",- Apartment for rent,NaN
271,"1450 Castro St, San Francisco, CA",NaN,"$1,750+ Studio","$2,200+ 1 bd","$2,800 2 bds",NaN,NaN,NaN
272,"2728 22nd St, San Francisco, CA 94110",NaN,"$4,350/mo",3 bds,2 ba,"1,240 sqft",- Apartment for rent,NaN
273,"201 Pope St, San Francisco, CA 94112",NaN,"$2,000/mo",1 bd,1 ba,500 sqft,- Apartment for rent,NaN
274,"100 Van Ness | 100 Van Ness Ave, San Francisco, CA",NaN,"$3,700+ Studio","$2,970+ 1 bd","$5,200+ 2 bds",NaN,NaN,NaN
275,"Waterbend Apartments | 5880 3rd St, San Francisco, CA",NaN,"$2,645+ 1 bd","$2,825+ 2 bds",NaN,NaN,NaN,NaN
276,"2363 Van Ness | 2363 Van Ness Ave, San Francisco, CA",NaN,"$2,895 1 bd","$3,595 2 bds",NaN,NaN,NaN,NaN
277,"1585 Waller St APT 1, San Francisco, CA 94117",NaN,"$2,595/mo",1 bd,1 ba,523 sqft,- Apartment for rent,NaN
278,"1819 Golden Gate Ave #17, San Francisco, CA 94115",NaN,"$2,595/mo",1 bd,1 ba,529 sqft,- Apartment for rent,NaN
279,"The Tenderloin | 229 Ellis St, San Francisco, CA",NaN,"$2,525+ 1 bd","$5,975+ 2 bds",NaN,NaN,NaN,NaN
280,"1700 Bush | 1700 Bush St, San Francisco, CA",NaN,"$2,495+ 1 bd",NaN,NaN,NaN,NaN,NaN
281,"Washington Tower | 2190 Washington St, San Francisco, CA",NaN,"$6,400+ 2 bds",NaN,NaN,NaN,NaN,NaN
282,"1146 Taylor | 1146 Taylor St, San Francisco, CA",NaN,"$2,295+ Studio","$2,395+ 1 bd",NaN,NaN,NaN,NaN
283,"470 14th Street | 470 14th St, San Francisco, CA",NaN,"$2,895+ 1 bd",NaN,NaN,NaN,NaN,NaN
284,"1474 Sacramento | 1474 Sacramento St, San Francisco, CA",NaN,"$1,950 Studio","$2,450+ 1 bd","$3,695+ 2 bds",NaN,NaN,NaN
285,"1126 Bush | 1126 Bush St, San Francisco, CA",NaN,"$1,695+ Studio","$2,495+ 1 bd","$2,795+ 2 bds",NaN,NaN,NaN
286,"596 Page Street | 596 Page St, San Francisco, CA",NaN,"$1,995+ Studio",NaN,NaN,NaN,NaN,NaN
287,"1656 Leavenworth | 1656 Leavenworth St, San Francisco, CA",NaN,"$2,495+ 1 bd",NaN,NaN,NaN,NaN,NaN
288,"2339 Market | 2339 Market St, San Francisco, CA",NaN,"$2,995+ 1 bd",NaN,NaN,NaN,NaN,NaN
289,"1060 Pine | 1060 Pine St, San Francisco, CA",NaN,"$2,395+ 1 bd",NaN,NaN,NaN,NaN,NaN
290,"NorthPoint Vistas | 2351 Powell St, San Francisco, CA",NaN,"$2,800+ Studio","$3,000+ 1 bd","$5,000+ 2 bds",NaN,NaN,NaN
291,"1599 Green St #4Z5GXDNPN, San Francisco, CA 94123",NaN,"$3,495+/mo",1 bd,1 ba,726 sqft,- Apartment for rent,NaN
292,"1750 Franklin St #9, San Francisco, CA 94109",NaN,"$1,950/mo",Studio,1 ba,489 sqft,- Apartment for rent,NaN
293,"1750 Golden Gate | 1750 Golden Gate Ave, San Francisco, CA",NaN,"$3,495 1 bd","$3,695+ 2 bds",NaN,NaN,NaN,NaN
294,"1795 Ofarrell St #PB1BJZZSW, San Francisco, CA 94115",NaN,"$3,495+/mo",1 bd,1 ba,650 sqft,- Apartment for rent,NaN
295,"20 Romolo Pl APT A, San Francisco, CA 94133",NaN,"$3,995/mo",2 bds,2 ba,979 sqft,- Apartment for rent,NaN
296,"One Pine Street | 1 Pine St, San Francisco, CA",NaN,"$2,737+ 1 bd","$4,275+ 2 bds",NaN,NaN,NaN,NaN
297,"1240 Bush St #12, San Francisco, CA 94109",NaN,"$2,395/mo",1 bd,1 ba,519 sqft,- Apartment for rent,NaN
298,"Crestview Apartments | 1980 Washington St, San Francisco, CA",NaN,"$4,150+ 1 bd",NaN,NaN,NaN,NaN,NaN
299,"100 Lake St #CYBMFRN6K, San Francisco, CA 94118",NaN,"$4,095+/mo",1 bd,1 ba,856 sqft,- Apartment for rent,NaN
300,"1440 Sutter St #304, San Francisco, CA 94109",NaN,"$2,695/mo",1 bd,1 ba,554 sqft,- Apartment for rent,NaN
301,"916 Pacific Ave #19, San Francisco, CA 94133",NaN,"$2,745/mo",1 bd,1 ba,523 sqft,- Apartment for rent,NaN
302,"11 Dolores St #4, San Francisco, CA 94103",NaN,"$3,195/mo",1 bd,1 ba,662 sqft,- Apartment for rent,NaN
303,"355 Fulton | 355 Fulton St, San Francisco, CA",NaN,"$2,295+ Studio","$2,695+ 1 bd",NaN,NaN,NaN,NaN
304,"737 Pine | 737 Pine St, San Francisco, CA",NaN,"$2,795+ 1 bd",NaN,NaN,NaN,NaN,NaN
305,"Geary Courtyard | 639 Geary St, San Francisco, CA",NaN,"$1,673+ Studio","$2,140+ 1 bd",NaN,NaN,NaN,NaN
306,"1265 Washington St #7, San Francisco, CA 94108",NaN,"$2,695/mo",1 bd,1 ba,753 sqft,- Apartment for rent,NaN
307,"40 Tiffany Ave APT 7, San Francisco, CA 94110",NaN,"$2,595/mo",1 bd,1 ba,549 sqft,- Apartment for rent,NaN
308,"4475 23rd Street | 4475 23rd St, San Francisco, CA",NaN,"$2,895+ 1 bd",NaN,NaN,NaN,NaN,NaN
309,"Strata at Mission Bay | 1201 4th St, San Francisco, CA",NaN,"$3,227+ 1 bd","$4,493 2 bds",NaN,NaN,NaN,NaN
310,"755 O'Farrell | 755 Ofarrell St, San Francisco, CA",NaN,"$1,695+ Studio","$1,995+ 1 bd",NaN,NaN,NaN,NaN
311,"1201 Pine | 1201 Pine St, San Francisco, CA",NaN,"$1,695+ Studio","$2,395+ 1 bd",NaN,NaN,NaN,NaN
312,"1547 Clay | 1547 Clay St, San Francisco, CA",NaN,"$1,695+ Studio","$2,395+ 1 bd",NaN,NaN,NaN,NaN
313,"2440 Van Ness Ave #F08Z3F5EN, San Francisco, CA 94109",NaN,"$1,750+/mo",Studio,1 ba,-- sqft,- Apartment for rent,NaN
314,"600 Oak | 600 Oak St, San Francisco, CA",NaN,"$2,795+ 1 bd",NaN,NaN,NaN,NaN,NaN
315,"Soma at 788 | 788 Harrison St, San Francisco, CA",NaN,"$2,901 Studio","$3,266+ 1 bd","$4,147 2 bds",NaN,NaN,NaN
316,"295 Castro | 295-299 Castro St, San Francisco, CA",NaN,"$3,895 1 bd","$4,195 2 bds","$5,995 3 bds",NaN,NaN,NaN
317,"The Terraces | 1330 Bush St, San Francisco, CA",NaN,"$1,549+ Studio","$2,450+ 1 bd",NaN,NaN,NaN,NaN
318,"500-506 Bartlett St #502, San Francisco, CA 94110",NaN,"$5,900/mo",3 bds,2 ba,"1,067 sqft",- Apartment for rent,NaN
319,"Arc Light | 21 Clarence Pl, San Francisco, CA",NaN,"$2,944+ 1 bd","$4,649+ 2 bds",NaN,NaN,NaN,NaN
320,"1840 Clay St #104, San Francisco, CA 94109",NaN,"$2,795/mo",1 bd,1 ba,503 sqft,- Apartment for rent,NaN
321,"2112 Market Street | 2112 Market St, San Francisco, CA",NaN,"$3,360+ 1 bd","$4,900+ 2 bds",NaN,NaN,NaN,NaN
322,"106 Sanchez | 106 Sanchez St, San Francisco, CA",NaN,"$2,995+ Studio","$3,295+ 1 bd",NaN,NaN,NaN,NaN
323,"3715 California St APT 2, San Francisco, CA 94118",NaN,"$2,595/mo",1 bd,1 ba,469 sqft,- Apartment for rent,NaN
324,"516 Ellis | 516 Ellis St, San Francisco, CA",NaN,"$1,795+ Studio","$1,995+ 1 bd",NaN,NaN,NaN,NaN
325,"22 Vandewater St #106, San Francisco, CA 94133",NaN,"$2,295/mo",Studio,1 ba,470 sqft,- Apartment for rent,NaN
326,"2730 Sacramento St APT 13, San Francisco, CA 94115",NaN,"$2,295/mo",Studio,1 ba,250 sqft,- Apartment for rent,NaN
327,"685 Geary | 685 Geary St, San Francisco, CA",NaN,"$1,495+ Studio","$2,095 1 bd","$3,595 2 bds",NaN,NaN,NaN
328,"400 Duboce | 400 Duboce Ave, San Francisco, CA",NaN,"$3,095+ 1 bd","$3,695+ 2 bds",NaN,NaN,NaN,NaN
329,"1369 Hyde | 1369 Hyde St, San Francisco, CA",NaN,"$1,495+ Studio","$3,995 1 bd","$5,295 2 bds",NaN,NaN,NaN
330,"512 Arballo Dr, San Francisco, CA 94132",NaN,"$6,889/mo",3 bds,3 ba,"1,401 sqft",- Apartment for rent,NaN
331,"434 Leavenworth | 434 Leavenworth St, San Francisco, CA",NaN,"$1,595+ Studio",NaN,NaN,NaN,NaN,NaN
332,"691 O'Farrell | 691 Ofarrell St, San Francisco, CA",NaN,"$1,595+ Studio","$2,395 1 bd",NaN,NaN,NaN,NaN
333,"1424 Polk | 1424-1428 Polk St, San Francisco, CA",NaN,"$2,795+ 1 bd",NaN,NaN,NaN,NaN,NaN
334,"935 O'Farrell | 935 Ofarrell St, San Francisco, CA",NaN,"$1,595+ Studio",NaN,NaN,NaN,NaN,NaN
335,"1020 Post | 1020 Post St, San Francisco, CA",NaN,"$1,595+ Studio",NaN,NaN,NaN,NaN,NaN
336,"709 Geary | 709 Geary St, San Francisco, CA",NaN,"$1,795+ Studio",NaN,NaN,NaN,NaN,NaN
337,"50 Joice | 50 Joice St, San Francisco, CA",NaN,"$2,795+ 1 bd",NaN,NaN,NaN,NaN,NaN
338,"845 California | 845 California St, San Francisco, CA",NaN,"$2,695+ Studio","$3,095+ 1 bd","$3,995 2 bds",NaN,NaN,NaN
339,"2079 Market | 2075 Market St, San Francisco, CA",NaN,"$1,995+ Studio",NaN,NaN,NaN,NaN,NaN
340,"324 Larkin | 324 Larkin St, San Francisco, CA",NaN,"$2,395 Studio","$2,595+ 1 bd",NaN,NaN,NaN,NaN
341,"861 Post | 861 Post St, San Francisco, CA",NaN,"$1,795+ Studio",NaN,NaN,NaN,NaN,NaN
342,"Ashton San Francisco Apartments | 301 Executive Park Blvd, San Francisco, CA",NaN,"$3,033+ 1 bd","$3,980+ 2 bds",NaN,NaN,NaN,NaN
343,"33 Tehama | 33 Tehama St, San Francisco, CA",NaN,"$3,510+ 1 bd","$5,380+ 2 bds",NaN,NaN,NaN,NaN
344,"100 Broderick | 100 Broderick St, San Francisco, CA",NaN,"$2,595+ Studio","$3,195 1 bd","$4,095+ 2 bds",NaN,NaN,NaN
345,"915 Pierce | 915 Pierce St, San Francisco, CA",NaN,"$2,695+ Studio",NaN,NaN,NaN,NaN,NaN
346,"735 Ofarrell St #21, San Francisco, CA 94109",NaN,"$1,695/mo",Studio,1 ba,444 sqft,- Apartment for rent,NaN
347,"124 Mason | 124 Mason St, San Francisco, CA",NaN,"$1,795+ Studio",NaN,NaN,NaN,NaN,NaN
348,"Potrero 1010 | 1010 16th St, San Francisco, CA",NaN,"$2,680 Studio","$2,949+ 1 bd","$3,786+ 2 bds",NaN,NaN,NaN
349,"634 Powell | 634 Powell St, San Francisco, CA",NaN,"$2,345 Studio","$2,745 1 bd",NaN,NaN,NaN,NaN
350,"5519 Mission St #NJVM0FK5B, San Francisco, CA 94112",NaN,"$3,295+/mo",1 bd,1 ba,459 sqft,- Apartment for rent,NaN
351,"840 California | 840 California St, San Francisco, CA",NaN,"$1,895+ Studio","$2,595+ 1 bd","$4,795 3 bds",NaN,NaN,NaN
352,"601 O'Farrell | 601 Ofarrell St, San Francisco, CA",NaN,"$1,695+ Studio","$2,195+ 1 bd",NaN,NaN,NaN,NaN
353,"735 Taylor | 735 Taylor St, San Francisco, CA",NaN,"$1,595+ Studio",NaN,NaN,NaN,NaN,NaN
354,"Crystal Tower Apartments | 2140 Taylor St, San Francisco, CA",NaN,"$2,800+ 1 bd","$3,500+ 2 bds",NaN,NaN,NaN,NaN
355,"990 Geary | 990 Geary St, San Francisco, CA",NaN,"$2,145 Studio","$3,295+ 2 bds",NaN,NaN,NaN,NaN
356,"345 Fulton | 345 Fulton St, San Francisco, CA",NaN,"$2,295+ Studio","$2,595 1 bd",NaN,NaN,NaN,NaN
357,"2975 Van Ness | 2975 Van Ness Ave, San Francisco, CA",NaN,"$2,495+ Studio","$2,895+ 1 bd",NaN,NaN,NaN,NaN
358,"814 California | 814 California St, San Francisco, CA",NaN,"$2,095+ Studio","$2,795+ 1 bd",NaN,NaN,NaN,NaN
359,"3474 17th Street | 3474 17th St, San Francisco, CA",NaN,"$2,495 Studio","$3,095+ 1 bd",NaN,NaN,NaN,NaN
360,"3440 20th Street | 3440 20th St, San Francisco, CA",NaN,"$2,095 Studio","$2,895+ 1 bd",NaN,NaN,NaN,NaN
361,"1163 Pine | 1163 Pine St, San Francisco, CA",NaN,"$2,195+ Studio","$2,295+ 1 bd","$3,595 2 bds",NaN,NaN,NaN
362,"1128 Valencia St. | 1128 Valencia St, San Francisco, CA",NaN,"$3,595+ 3 bds",NaN,NaN,NaN,NaN,NaN
363,"2038 Divisadero St APT 101, San Francisco, CA 94115",NaN,"$3,695/mo",2 bds,1.5 ba,900 sqft,- Apartment for rent,NaN
364,"1 Polk St #910, San Francisco, CA 94102",NaN,"$2,835/mo",1 bd,1 ba,789 sqft,- Apartment for rent,NaN
365,"350 Union Street Apartments | 350 Union St, San Francisco, CA",NaN,"$1,699+ Studio","$2,799 1 bd",NaN,NaN,NaN,NaN
366,"2500 Van Ness Ave #4, San Francisco, CA 94109",NaN,"$3,295/mo",1 bd,1 ba,773 sqft,- Apartment for rent,NaN
367,"2171 Pacific Ave #204, San Francisco, CA 94115",NaN,"$3,395/mo",1 bd,1 ba,680 sqft,- Apartment for rent,NaN
368,"Venn On Market | 1844 Market St, San Francisco, CA",NaN,"$3,855+ 1 bd","$4,660+ 2 bds",NaN,NaN,NaN,NaN
369,"645 Stockton | 645 Stockton St, San Francisco, CA",NaN,"$2,795+ 1 bd","$3,295+ 2 bds",NaN,NaN,NaN,NaN
370,"701 Taylor | 701 Taylor St, San Francisco, CA",NaN,"$1,795+ Studio","$2,595+ 1 bd",NaN,NaN,NaN,NaN
371,"267-273 Green | 267 Green St, San Francisco, CA",NaN,"$3,600 Studio","$4,500+ 1 bd",NaN,NaN,NaN,NaN
372,"1401 Jones | 1401 Jones St, San Francisco, CA",NaN,"$2,295 Studio","$3,095+ 1 bd",NaN,NaN,NaN,NaN
373,"1355 Lombard | 1355 Lombard St, San Francisco, CA",NaN,"$3,600 Studio","$3,900+ 1 bd","$5,200+ 2 bds","$9,600 3 bds",NaN,NaN
374,"1290 20th Avenue | 1290 20th Ave, San Francisco, CA",NaN,"$3,095+ 1 bd",NaN,NaN,NaN,NaN,NaN
375,"2275 Broadway | 2275 Broadway St, San Francisco, CA",NaN,"$3,495+ 1 bd","$6,795+ 2 bds",NaN,NaN,NaN,NaN
376,"78 Buchanan | 78 Buchanan St, San Francisco, CA",NaN,"$3,395+ 1 bd","$4,495+ 2 bds",NaN,NaN,NaN,NaN
377,"845 Pine | 845 Pine St, San Francisco, CA",NaN,"$4,595+ 3 bds",NaN,NaN,NaN,NaN,NaN
378,"1753 Mason | 1753 Mason St, San Francisco, CA",NaN,"$2,995+ 1 bd",NaN,NaN,NaN,NaN,NaN
379,"Solaire | 299 Fremont St, San Francisco, CA",NaN,"$3,183+ Studio","$2,836+ 1 bd","$4,605+ 2 bds",NaN,NaN,NaN
380,"99 Lupine Ave #308, San Francisco, CA 94118",NaN,"$2,995/mo",1 bd,1 ba,600 sqft,- Apartment for rent,NaN
381,"2677 Larkin | 2677 Larkin St, San Francisco, CA",NaN,"$5,200+ 1 bd","$6,500+ 2 bds",NaN,NaN,NaN,NaN
382,"621 Stockton | 621 Stockton St, San Francisco, CA",NaN,"$2,095 Studio","$2,995+ 1 bd",NaN,NaN,NaN,NaN
383,"2115-2129 Hyde St, San Francisco, CA 94109",NaN,"$5,500/mo",2 bds,1 ba,931 sqft,- Apartment for rent,NaN
384,"3659 20th Street | 3659-3677 20th St, San Francisco, CA",NaN,"$2,895+ 1 bd",NaN,NaN,NaN,NaN,NaN
385,"2238 Hyde | 2238 Hyde St, San Francisco, CA",NaN,"$9,800+ 2 bds",NaN,NaN,NaN,NaN,NaN
386,"3809 20th Street | 3809 20th St, San Francisco, CA",NaN,"$3,495+ 1 bd",NaN,NaN,NaN,NaN,NaN
387,"2227 Taylor St APT 10, San Francisco, CA 94133",NaN,"$3,995/mo",2 bds,1 ba,677 sqft,- Apartment for rent,NaN
388,"1801 Leavenworth | 1801 Leavenworth St, San Francisco, CA",NaN,"$2,895+ 1 bd",NaN,NaN,NaN,NaN,NaN
389,"1230 Jackson St #5, San Francisco, CA 94109",NaN,"$3,895/mo",2 bds,2 ba,726 sqft,- Apartment for rent,NaN
390,"2600 Van Ness | 2600 Van Ness Ave, San Francisco, CA",NaN,"$2,495+ Studio","$3,395 1 bd",NaN,NaN,NaN,NaN
391,"2222 Leavenworth | 2222 Leavenworth St, San Francisco, CA",NaN,"$3,995+ 1 bd","$4,995+ 2 bds",NaN,NaN,NaN,NaN
392,"2619 Mission | 2619 Mission St, San Francisco, CA",NaN,"$1,995+ Studio",NaN,NaN,NaN,NaN,NaN
393,"1234 Jones | 1234 Jones St, San Francisco, CA",NaN,"$2,295+ Studio","$2,795 1 bd",NaN,NaN,NaN,NaN
394,NaN,NaN,NaN,NaN,NaN,NaN,NaN,NaN
395,NaN,NaN,NaN,NaN,NaN,NaN,NaN,NaN
396,NaN,NaN,NaN,NaN,NaN,NaN,NaN,NaN
397,NaN,NaN,NaN,NaN,NaN,NaN,NaN,NaN
398,NaN,NaN,NaN,NaN,NaN,NaN,NaN,NaN
399,NaN,NaN,NaN,NaN,NaN,NaN,NaN,NaN
400,"2115-2129 Hyde St, San Francisco, CA 94109",NaN,"$5,500/mo",2 bds,1 ba,931 sqft,- Apartment for rent,NaN
401,"621 Stockton | 621 Stockton St, San Francisco, CA",NaN,"$2,095 Studio","$2,995+ 1 bd",NaN,NaN,NaN,NaN
402,"2227 Taylor St APT 10, San Francisco, CA 94133",NaN,"$3,995/mo",2 bds,1 ba,677 sqft,- Apartment for rent,NaN
403,"3809 20th Street | 3809 20th St, San Francisco, CA",NaN,"$3,495+ 1 bd",NaN,NaN,NaN,NaN,NaN
404,"3659 20th Street | 3659-3677 20th St, San Francisco, CA",NaN,"$2,895+ 1 bd",NaN,NaN,NaN,NaN,NaN
405,"2238 Hyde | 2238 Hyde St, San Francisco, CA",NaN,"$9,800+ 2 bds",NaN,NaN,NaN,NaN,NaN
406,"1230 Jackson St #5, San Francisco, CA 94109",NaN,"$3,895/mo",2 bds,2 ba,726 sqft,- Apartment for rent,NaN
407,"1801 Leavenworth | 1801 Leavenworth St, San Francisco, CA",NaN,"$2,895+ 1 bd",NaN,NaN,NaN,NaN,NaN
408,"2600 Van Ness | 2600 Van Ness Ave, San Francisco, CA",NaN,"$2,495+ Studio","$3,395 1 bd",NaN,NaN,NaN,NaN
409,"2222 Leavenworth | 2222 Leavenworth St, San Francisco, CA",NaN,"$3,995+ 1 bd","$4,995+ 2 bds",NaN,NaN,NaN,NaN
410,"2619 Mission | 2619 Mission St, San Francisco, CA",NaN,"$1,995+ Studio",NaN,NaN,NaN,NaN,NaN
411,"1234 Jones | 1234 Jones St, San Francisco, CA",NaN,"$2,295+ Studio","$2,795 1 bd",NaN,NaN,NaN,NaN
412,"642 Alvarado St #102, San Francisco, CA 94114",NaN,"$2,695/mo",Studio,1 ba,461 sqft,- Apartment for rent,NaN
413,"686 Post St APT 32, San Francisco, CA 94109",NaN,"$2,295/mo",Studio,1 ba,472 sqft,- Apartment for rent,NaN
414,"920 Leavenworth | 920 Leavenworth St, San Francisco, CA",NaN,"$2,295+ Studio",NaN,NaN,NaN,NaN,NaN
415,"2200 Leavenworth | 2200 Leavenworth St, San Francisco, CA",NaN,"$3,995+ 1 bd",NaN,NaN,NaN,NaN,NaN
416,"610 Leavenworth St #404, San Francisco, CA 94109",NaN,"$2,495/mo",Studio,1 ba,459 sqft,- Apartment for rent,NaN
417,"1125 Broadway St #105, San Francisco, CA 94109",NaN,"$3,295/mo",1 bd,1 ba,450 sqft,- Apartment for rent,NaN
418,"4540 California St APT 8, San Francisco, CA 94118",NaN,"$3,295/mo",1 bd,1 ba,699 sqft,- Apartment for rent,NaN
419,"466 14TH STREET Apartments | 466-470 14th St, San Francisco, CA",NaN,"$3,095 Studio","$3,095+ 1 bd",NaN,NaN,NaN,NaN
420,"240 Cumberland | 240 Cumberland St, San Francisco, CA",NaN,"$2,295 Studio","$2,295 1 bd",NaN,NaN,NaN,NaN
421,"210 Church St APT 3, San Francisco, CA 94114",NaN,"$2,295/mo",Studio,1 ba,381 sqft,- Apartment for rent,NaN
422,"1801 Gough | 1801 Gough St, San Francisco, CA",NaN,"$1,995 Studio","$3,595 2 bds",NaN,NaN,NaN,NaN
423,"38 Dolores St #309, San Francisco, CA 94103",NaN,"$4,422/mo",2 bds,2 ba,"1,099 sqft",- Apartment for rent,NaN
424,"38 Dolores | 38 Dolores St, San Francisco, CA",NaN,"$3,532+ 1 bd","$4,070+ 2 bds",NaN,NaN,NaN,NaN
425,"The Landing | 1395 22nd St, San Francisco, CA",NaN,"$3,288+ 1 bd","$3,897+ 2 bds","$5,521+ 3 bds",NaN,NaN,NaN
426,"947 Bush | 947 Bush St, San Francisco, CA",NaN,"$1,695+ Studio","$2,295+ 1 bd",NaN,NaN,NaN,NaN
427,"828 Jones St APT 22, San Francisco, CA 94109",NaN,"$2,095/mo",Studio,1 ba,410 sqft,- Apartment for rent,NaN
428,"1520 Gough | 1520 Gough St, San Francisco, CA",NaN,"$2,395 Studio","$2,495 1 bd",NaN,NaN,NaN,NaN
429,"250 Fell | 250 Fell St, San Francisco, CA",NaN,"$2,595+ Studio","$3,095 1 bd",NaN,NaN,NaN,NaN
430,"172 Burlwood Dr, San Francisco, CA 94127",NaN,"$6,500/mo",4 bds,2 ba,"1,600 sqft",- House for rent,NaN
431,"1650 Jackson St APT 209, San Francisco, CA 94109",NaN,"$3,595/mo",1 bd,1 ba,845 sqft,- Apartment for rent,NaN
432,"50 Laguna St #308, San Francisco, CA 94102",NaN,"$2,295/mo",Studio,1 ba,469 sqft,- Apartment for rent,NaN
433,"825 Post St. | 825 Post St, San Francisco, CA",NaN,"$1,695+ Studio",NaN,NaN,NaN,NaN,NaN
434,"1035 Sutter | 1035 Sutter St, San Francisco, CA",NaN,"$2,195 Studio","$2,495 1 bd",NaN,NaN,NaN,NaN
435,"1870 Pacific | 1870 Pacific Ave, San Francisco, CA",NaN,"$3,595+ 1 bd","$4,595 2 bds",NaN,NaN,NaN,NaN
436,"390 29th Ave #4, San Francisco, CA 94121",NaN,"$3,195/mo",1 bd,1 ba,717 sqft,- Apartment for rent,NaN
437,"65 Buena Vista | 65 Buena Vista Ave E, San Francisco, CA",NaN,"$3,795+ 1 bd",NaN,NaN,NaN,NaN,NaN
438,"The Martin | 2051 3rd St, San Francisco, CA",NaN,"$2,343+ Studio","$4,106+ 2 bds",NaN,NaN,NaN,NaN
439,"NEMA | 8 10th St, San Francisco, CA",NaN,"$2,850+ Studio","$3,750+ 1 bd","$5,200+ 2 bds",NaN,NaN,NaN
440,"20 Romolo Pl APT A, San Francisco, CA 94133",NaN,"$3,995/mo",2 bds,2 ba,979 sqft,- Apartment for rent,NaN
441,"Marina Cove Apartments | 1550 Bay St, San Francisco, CA",NaN,"$2,794+ Studio","$3,074+ 1 bd",NaN,NaN,NaN,NaN
442,"1340 Taylor | 1340 Taylor St, San Francisco, CA",NaN,"$5,595+ 2 bds",NaN,NaN,NaN,NaN,NaN
443,"655 Stockton | 655 Stockton St, San Francisco, CA",NaN,"$2,495+ Studio","$3,295+ 1 bd","$3,595+ 2 bds",NaN,NaN,NaN
444,"2898 JACKSON Apartments | 2898 Jackson St, San Francisco, CA",NaN,"$3,395+ 1 bd","$5,395 2 bds","$5,095+ 3 bds",NaN,NaN,NaN
445,"2927 Sacramento | 2927 Sacramento St, San Francisco, CA",NaN,"$3,295+ 1 bd",NaN,NaN,NaN,NaN,NaN
446,"337 10th Ave #4, San Francisco, CA 94118",NaN,"$1,995/mo",Studio,1 ba,491 sqft,- Apartment for rent,NaN
447,"Avalon Ocean Avenue | 1200 Ocean Ave, San Francisco, CA",NaN,"$2,695+ Studio","$2,775+ 1 bd","$3,760+ 2 bds",NaN,NaN,NaN
448,"1008 Larkin St. | 1008 Larkin St, San Francisco, CA",NaN,"$1,545+ Studio","$1,995 1 bd",NaN,NaN,NaN,NaN
449,"1658 Sacramento | 1658 Sacramento St, San Francisco, CA",NaN,"$2,195+ 1 bd","$2,795+ 2 bds",NaN,NaN,NaN,NaN
450,"Nob Hill Tower | 1221 Jones St, San Francisco, CA",NaN,"$5,555+ 2 bds",NaN,NaN,NaN,NaN,NaN
451,"Vara | 1600 15th St, San Francisco, CA",NaN,"$2,700+ 1 bd","$4,022 2 bds","$4,515+ 3 bds",NaN,NaN,NaN
452,"2955 Van Ness Ave #VBDEKK1SW, San Francisco, CA 94109",NaN,"$4,095+/mo",1 bd,1 ba,784 sqft,- Apartment for rent,NaN
453,"3345 18th St APT 6, San Francisco, CA 94110",NaN,"$2,995/mo",1 bd,1 ba,580 sqft,- Apartment for rent,NaN
454,"Avalon Dogpatch | 800 Indiana St, San Francisco, CA",NaN,"$2,349+ Studio","$3,085+ 1 bd","$3,820+ 2 bds",NaN,NaN,NaN
455,"The Presidio Landmark | 1801 Wedemeyer St, San Francisco, CA",NaN,"$3,065+ 1 bd","$9,680 3 bds",NaN,NaN,NaN,NaN
456,"1464 Union St #JUGGWR1U2, San Francisco, CA 94109",NaN,"$3,895+/mo",1 bd,1 ba,784 sqft,- Apartment for rent,NaN
457,"1030 Larkin St APT 8, San Francisco, CA 94109",NaN,"$1,995/mo",Studio,1 ba,378 sqft,- Apartment for rent,NaN
458,"3374-3376 21st St #3376A, San Francisco, CA 94110",NaN,"$3,995/mo",1 bd,1 ba,733 sqft,- Apartment for rent,NaN
459,"Avalon Hayes Valley | 325 Octavia St, San Francisco, CA",NaN,"$2,640+ Studio","$3,800+ 1 bd","$4,224+ 2 bds",NaN,NaN,NaN
460,"2620 Laguna St #7, San Francisco, CA 94123",NaN,"$3,695/mo",1 bd,1 ba,567 sqft,- Apartment for rent,NaN
461,"Alta Potrero | 1301 16th St, San Francisco, CA",NaN,"$2,785+ Studio","$3,040+ 1 bd","$4,725+ 2 bds",NaN,NaN,NaN
462,"990 Fulton | 990 Fulton St, San Francisco, CA",NaN,"$2,895+ Studio","$4,895 2 bds",NaN,NaN,NaN,NaN
463,"835 Pine | 835 Pine St, San Francisco, CA",NaN,"$1,595+ Studio","$2,795 1 bd",NaN,NaN,NaN,NaN
464,"The Paramount | 680 Mission St, San Francisco, CA",NaN,"$3,024+ Studio","$3,200+ 1 bd","$5,400+ 2 bds",NaN,NaN,NaN
465,"1240 Hayes St #XZ71R754A, San Francisco, CA 94117",NaN,"$4,195+/mo",1 bd,1 ba,817 sqft,- Apartment for rent,NaN
466,"1950 Franklin St APT 1, San Francisco, CA 94109",NaN,"$3,195/mo",1 bd,1 ba,574 sqft,- Apartment for rent,NaN
467,"365 24th Ave #95M0CNFNC, San Francisco, CA 94121",NaN,"$3,295+/mo",1 bd,1 ba,553 sqft,- Apartment for rent,NaN
468,"40 Tiffany Ave APT 7, San Francisco, CA 94110",NaN,"$2,595/mo",1 bd,1 ba,549 sqft,- Apartment for rent,NaN
469,"33 8th at Trinity Place | 33 8th St, San Francisco, CA",NaN,"$1,999 Studio","$2,499+ 1 bd","$2,799+ 2 bds",NaN,NaN,NaN
470,"563 Webster | 563 Webster 805 Hayes Resid, San Francisco, CA",NaN,"$2,995+ 1 bd",NaN,NaN,NaN,NaN,NaN
471,"825 Pine St #9, San Francisco, CA 94108",NaN,"$2,895/mo",1 bd,1 ba,675 sqft,- Apartment for rent,NaN
472,"430 Scott St APT 6, San Francisco, CA 94117",NaN,"$3,495/mo",1 bd,1 ba,511 sqft,- Apartment for rent,NaN
473,"L Seven | 1222 Harrison St, San Francisco, CA",NaN,"$2,625 Studio","$3,085+ 1 bd","$3,945+ 2 bds",NaN,NaN,NaN
474,"Etta | 1285 Sutter St, San Francisco, CA",NaN,"$4,351+ 2 bds",NaN,NaN,NaN,NaN,NaN
475,"The Fillmore Center | 1475 Fillmore St, San Francisco, CA",NaN,"$2,225+ Studio","$2,689+ 1 bd","$2,956+ 2 bds","$4,244 3 bds",NaN,NaN
476,"1405 Franklin | 1405 Franklin St, San Francisco, CA",NaN,"$2,795+ 1 bd",NaN,NaN,NaN,NaN,NaN
477,"50 Jones | 50 Jones St, San Francisco, CA",NaN,"$2,179+ Studio","$2,440+ 1 bd","$3,164+ 2 bds",NaN,NaN,NaN
478,"Avery 450 | 450 Folsom St, San Francisco, CA",NaN,"$4,695+ 1 bd","$4,695+ 2 bds",NaN,NaN,NaN,NaN
479,"2133 Stockton Street Apartments | 2133 Stockton St, San Francisco, CA",NaN,"$2,199+ 1 bd",NaN,NaN,NaN,NaN,NaN
480,"Avalon Hayes Valley | 325 Octavia St, San Francisco, CA",NaN,"$2,640+ Studio","$3,800+ 1 bd","$4,224+ 2 bds",NaN,NaN,NaN
481,"1920 Pacific Ave APT 9, San Francisco, CA 94109",NaN,"$3,195/mo",1 bd,1 ba,678 sqft,- Apartment for rent,NaN
482,"2620 Laguna St #7, San Francisco, CA 94123",NaN,"$3,695/mo",1 bd,1 ba,567 sqft,- Apartment for rent,NaN
483,"Alta Potrero | 1301 16th St, San Francisco, CA",NaN,"$2,785+ Studio","$3,040+ 1 bd","$4,725+ 2 bds",NaN,NaN,NaN
484,"990 Fulton | 990 Fulton St, San Francisco, CA",NaN,"$2,895+ Studio","$4,895 2 bds",NaN,NaN,NaN,NaN
485,"835 Pine | 835 Pine St, San Francisco, CA",NaN,"$1,595+ Studio","$2,795 1 bd",NaN,NaN,NaN,NaN
486,"The Paramount | 680 Mission St, San Francisco, CA",NaN,"$3,024+ Studio","$3,200+ 1 bd","$5,400+ 2 bds",NaN,NaN,NaN
487,"1240 Hayes St #XZ71R754A, San Francisco, CA 94117",NaN,"$4,195+/mo",1 bd,1 ba,817 sqft,- Apartment for rent,NaN
488,"1660 Bay St APT 204, San Francisco, CA 94123",NaN,"$3,695/mo",1 bd,1 ba,528 sqft,- Apartment for rent,NaN
489,"1950 Franklin St APT 1, San Francisco, CA 94109",NaN,"$3,195/mo",1 bd,1 ba,574 sqft,- Apartment for rent,NaN
490,"365 24th Ave #95M0CNFNC, San Francisco, CA 94121",NaN,"$3,295+/mo",1 bd,1 ba,553 sqft,- Apartment for rent,NaN
491,"33 8th at Trinity Place | 33 8th St, San Francisco, CA",NaN,"$1,999 Studio","$2,499+ 1 bd","$2,799+ 2 bds",NaN,NaN,NaN
492,"563 Webster | 563 Webster 805 Hayes Resid, San Francisco, CA",NaN,"$2,995+ 1 bd",NaN,NaN,NaN,NaN,NaN
493,"825 Pine St #9, San Francisco, CA 94108",NaN,"$2,895/mo",1 bd,1 ba,675 sqft,- Apartment for rent,NaN
494,"430 Scott St APT 6, San Francisco, CA 94117",NaN,"$3,495/mo",1 bd,1 ba,511 sqft,- Apartment for rent,NaN
495,"L Seven | 1222 Harrison St, San Francisco, CA",NaN,"$2,625 Studio","$3,085+ 1 bd","$3,945+ 2 bds",NaN,NaN,NaN
496,"1285 Sutter St UNIT 601, San Francisco, CA 94109",NaN,"$4,856/mo",2 bds,2 ba,"1,112 sqft",- Apartment for rent,NaN
497,"Etta | 1285 Sutter St, San Francisco, CA",NaN,"$4,351+ 2 bds",NaN,NaN,NaN,NaN,NaN
498,"The Fillmore Center | 1475 Fillmore St, San Francisco, CA",NaN,"$2,225+ Studio","$2,689+ 1 bd","$2,956+ 2 bds","$4,244 3 bds",NaN,NaN
499,"50 Jones | 50 Jones St, San Francisco, CA",NaN,"$2,179+ Studio","$2,440+ 1 bd","$3,164+ 2 bds",NaN,NaN,NaN
500,"2133 Stockton Street Apartments | 2133 Stockton St, San Francisco, CA",NaN,"$2,199+ 1 bd",NaN,NaN,NaN,NaN,NaN
501,"Avery 450 | 450 Folsom St, San Francisco, CA",NaN,"$4,695+ 1 bd","$4,695+ 2 bds",NaN,NaN,NaN,NaN
502,"Chorus | 30 Otis St, San Francisco, CA",NaN,"$2,772+ Studio","$3,251+ 1 bd","$5,151+ 2 bds","$7,177+ 3 bds",NaN,NaN
503,"Bayside Village | 3 Bayside Village Pl, San Francisco, CA",NaN,"$2,630+ Studio","$3,100+ 1 bd","$3,670+ 2 bds",NaN,NaN,NaN
504,"333 Fremont | 333 Fremont St, San Francisco, CA",NaN,"$3,422+ 1 bd",NaN,NaN,NaN,NaN,NaN
505,"The Madelon | 2823 18th St, San Francisco, CA",NaN,"$2,846+ Studio","$2,976+ 1 bd","$4,176+ 2 bds",NaN,NaN,NaN
506,"The Rise Hayes Valley | 1699 Market St, San Francisco, CA",NaN,"$2,700 Studio","$3,150+ 1 bd","$4,615+ 2 bds",NaN,NaN,NaN
507,"1127-1133 Kearny St #1127-06, San Francisco, CA 94133",NaN,"$2,595/mo",Studio,1 ba,337 sqft,- Apartment for rent,NaN
508,"Fifteen Fifty | 1550 Mission St, San Francisco, CA",NaN,"$2,950+ Studio","$3,975+ 1 bd","$5,550+ 2 bds","$8,500+ 3 bds",NaN,NaN
509,"HQ | 1532 Harrison St, San Francisco, CA",NaN,"$2,257+ Studio","$3,005+ 1 bd","$2,804+ 2 bds",NaN,NaN,NaN
510,"Blueground Furnished Apartments SF | 149 New Montgomery St, San Francisco, CA",NaN,"$2,500+ Studio","$3,000+ 1 bd","$2,930+ 2 bds",NaN,NaN,NaN
511,"Clay Park Tower Apartments | 1890 Clay St, San Francisco, CA",NaN,"$2,799 Studio","$3,119+ 1 bd",NaN,NaN,NaN,NaN
512,"Mosso | 900 Folsom St, San Francisco, CA",NaN,"$2,785+ Studio","$2,775+ 1 bd","$3,635+ 2 bds",NaN,NaN,NaN
513,"Mason on Mariposa | 1601 Mariposa St, San Francisco, CA",NaN,"$4,110+ 1 bd","$4,810+ 2 bds",NaN,NaN,NaN,NaN
514,"Avalon at Mission Bay | 255 King St, San Francisco, CA",NaN,"$2,690+ Studio","$3,182+ 1 bd","$3,895+ 2 bds",NaN,NaN,NaN
515,"Mosser Towers Apartments | 455 Eddy St, San Francisco, CA",NaN,"$1,425+ Studio","$1,895+ 1 bd",NaN,NaN,NaN,NaN
516,"1501-1509 Haight St #6, San Francisco, CA 94117",NaN,"$3,045/mo",2 bds,1 ba,939 sqft,- Apartment for rent,NaN
517,"325 9TH AVENUE Apartments | 325 9th Ave, San Francisco, CA",NaN,"$2,995 1 bd","$2,695+ 2 bds",NaN,NaN,NaN,NaN
518,"350 JUDAH Apartments | 350 Judah St, San Francisco, CA",NaN,"$2,495+ Studio","$2,695+ 1 bd","$3,295+ 2 bds",NaN,NaN,NaN
519,"720 Baker St APT D, San Francisco, CA 94115",NaN,"$3,395/mo",2 bds,1 ba,657 sqft,- Apartment for rent,NaN
520,"1395 Union St APT 9, San Francisco, CA 94109",NaN,"$4,895/mo",2 bds,2 ba,774 sqft,- Apartment for rent,NaN
521,"1228 Pacheco St, San Francisco, CA 94116",NaN,"$4,995/mo",3 bds,2 ba,"1,570 sqft",- House for rent,NaN
522,"1316 Hayes St, San Francisco, CA 94117",NaN,"$6,995/mo",4 bds,2 ba,-- sqft,- Apartment for rent,NaN
523,"Pinnacle at Nob Hill | 899 Pine St, San Francisco, CA",NaN,"$2,350+ Studio","$3,300+ 1 bd","$3,485+ 2 bds",NaN,NaN,NaN
524,"17 Russell St, San Francisco, CA 94109",NaN,"$3,400/mo",2 bds,1 ba,-- sqft,- Apartment for rent,NaN
525,"399 Fremont | 399 Fremont St, San Francisco, CA",NaN,"$2,798+ Studio","$3,999+ 1 bd","$4,840+ 2 bds","$8,894+ 3 bds",NaN,NaN
526,"(undisclosed Address), San Francisco, CA 94122",NaN,"$2,500/mo",1 bd,1 ba,600 sqft,- Apartment for rent,NaN
527,"Trinity Towers Apartments | 888 Ofarrell St, San Francisco, CA",NaN,"$2,284 Studio","$2,449+ 1 bd","$2,999 2 bds",NaN,NaN,NaN
528,"2429 Bay St, San Francisco, CA 94123",NaN,"$22,500/mo",5 bds,3.5 ba,"3,300 sqft",- House for rent,NaN
529,"Mission Bay by Windsor | 360 Berry St, San Francisco, CA",NaN,"$3,040 1 bd","$4,270 2 bds",NaN,NaN,NaN,NaN
530,"201 11th Ave #1, San Francisco, CA 94118",NaN,"$3,300/mo",2 bds,1 ba,870 sqft,- Apartment for rent,NaN
531,"Channel Mission Bay | 185 Channel St, San Francisco, CA",NaN,"$3,638+ 1 bd","$5,011 2 bds",NaN,NaN,NaN,NaN
532,"407 Lombard St, San Francisco, CA 94133",NaN,"$4,995/mo",3 bds,2 ba,"1,000 sqft",- Apartment for rent,NaN
533,"Edgewater | 355 Berry St, San Francisco, CA",NaN,"$2,358+ Studio","$2,813+ 1 bd",NaN,NaN,NaN,NaN
534,"180 Bartlett St, San Francisco, CA 94110",NaN,"$5,100/mo",3 bds,1 ba,"1,200 sqft",- Townhouse for rent,NaN
535,"517 Corbett Ave, San Francisco, CA 94114",NaN,"$3,650/mo",2 bds,1 ba,"1,111 sqft",- Apartment for rent,NaN
536,"447 Oak St, San Francisco, CA 94102",NaN,"$6,495/mo",3 bds,2 ba,-- sqft,- Apartment for rent,NaN
537,"603 Natoma St #309A, San Francisco, CA 94103",NaN,"$2,495/mo",1 bd,1 ba,-- sqft,- Apartment for rent,NaN
538,"488 Folsom St #3403A, San Francisco, CA 94105",NaN,"$5,995/mo",1 bd,1.5 ba,-- sqft,- Apartment for rent,NaN
539,"1388 Gough St, San Francisco, CA",NaN,"$3,550 1 bd","$3,995 2 bds",NaN,NaN,NaN,NaN
540,"400 Spear St APT 206, San Francisco, CA 94105",NaN,"$3,900/mo",1 bd,1 ba,933 sqft,- Apartment for rent,NaN
541,"555 4th St, San Francisco, CA",NaN,"$3,000 Studio","$3,400 1 bd","$3,900 2 bds",NaN,NaN,NaN
542,"1075 Market St, San Francisco, CA",NaN,"$2,350 Studio","$3,380 1 bd",NaN,NaN,NaN,NaN
543,"600 Chestnut St #206C, San Francisco, CA 94133",NaN,"$4,095/mo",2 bds,2 ba,-- sqft,- Apartment for rent,NaN
544,"1253 19th Ave, San Francisco, CA 94122",NaN,"$2,200/mo",2 bds,1 ba,-- sqft,- Apartment for rent,NaN
545,"870 Harrison St UNIT 201, San Francisco, CA 94107",NaN,"$2,850/mo",1 bd,1 ba,650 sqft,- Apartment for rent,NaN
546,"3572 17th St, San Francisco, CA",NaN,"$2,400 1 bd","$5,500 3 bds",NaN,NaN,NaN,NaN
547,"3450 Pierce St, San Francisco, CA 94123",NaN,"$3,050/mo",1 bd,1 ba,950 sqft,- Apartment for rent,NaN
548,"800 Naples St, San Francisco, CA 94112",NaN,"$1,985/mo",2 bds,1 ba,"1,727 sqft",- Apartment for rent,NaN
549,"320 Monterey Blvd #D, San Francisco, CA 94131",NaN,"$2,200/mo",1 bd,1 ba,-- sqft,- Apartment for rent,NaN
550,"99 Rausch St, San Francisco, CA",NaN,"$2,595 Studio","$2,795 1 bd","$3,495 2 bds",NaN,NaN,NaN
551,"2303 Webster St, San Francisco, CA 94115",NaN,"$2,150/mo",1 bd,1 ba,700 sqft,- Apartment for rent,NaN
552,"771 35th Ave APT 2, San Francisco, CA 94121",NaN,"$2,798/mo",2 bds,2 ba,"1,000 sqft",- Apartment for rent,NaN
553,"862 Guerrero St APT 1, San Francisco, CA 94110",NaN,"$2,200/mo",Studio,1 ba,500 sqft,- Apartment for rent,NaN
554,"109 Lower Ter, San Francisco, CA 94114",NaN,"$6,450/mo",3 bds,2 ba,"1,500 sqft",- Apartment for rent,NaN
555,"499 33rd Ave APT 301, San Francisco, CA 94121",NaN,"$4,000/mo",3 bds,2.5 ba,"1,299 sqft",- Apartment for rent,NaN
556,"2817 24th St #A, San Francisco, CA 94110",NaN,"$3,400/mo",1 bd,1 ba,900 sqft,- Apartment for rent,NaN
557,"52 Gilbert St, San Francisco, CA 94103",NaN,"$10,000/mo",6 bds,2.5 ba,"2,400 sqft",- House for rent,NaN
558,"1750 Sutter St APT 204, San Francisco, CA 94115",NaN,"$2,600/mo",1 bd,1 ba,700 sqft,- Apartment for rent,NaN
559,"765 Market St, San Francisco, CA",NaN,"$5,950 1 bd","$7,850 2 bds","$16,000 3 bds",NaN,NaN,NaN
560,"1590 15th Ave, San Francisco, CA 94122",NaN,"$7,200/mo",5 bds,3 ba,"2,387 sqft",- House for rent,NaN
561,"50 Manzanita Ave #48A, San Francisco, CA 94118",NaN,"$2,750/mo",1 bd,1 ba,500 sqft,- Apartment for rent,NaN
562,"1314 44th Ave, San Francisco, CA 94122",NaN,"$2,300/mo",1 bd,1 ba,500 sqft,- House for rent,NaN
563,"450 Irving St, San Francisco, CA 94122",NaN,"$2,550/mo",1 bd,1 ba,850 sqft,- Apartment for rent,NaN
564,"2968 Bush St, San Francisco, CA 94115",NaN,"$2,400/mo",1 bd,1 ba,800 sqft,- Apartment for rent,NaN
565,"301 Main St, San Francisco, CA",NaN,"$3,600+ 1 bd",NaN,NaN,NaN,NaN,NaN
566,"2189 Bay Shore Blvd #302, San Francisco, CA 94134",NaN,"$4,000/mo",3 bds,2.5 ba,"1,230 sqft",- Apartment for rent,NaN
567,"1701 Grove St APT 1, San Francisco, CA 94117",NaN,"$4,695/mo",2 bds,1 ba,-- sqft,- Apartment for rent,NaN
568,"1090 Montgomery St #302, San Francisco, CA 94133",NaN,"$2,875/mo",1 bd,1 ba,550 sqft,- Apartment for rent,NaN
569,"76 Peralta Ave, San Francisco, CA 94110",NaN,"$2,800/mo",1 bd,1 ba,800 sqft,- House for rent,NaN
570,"1961 Jefferson St APT 3, San Francisco, CA 94123",NaN,"$2,295/mo",Studio,1 ba,600 sqft,- Apartment for rent,NaN
571,"75 Ora Way, San Francisco, CA 94131",NaN,"$2,800/mo",1 bd,1 ba,700 sqft,- Apartment for rent,NaN
572,"50 Stanyan St #304, San Francisco, CA 94118",NaN,"$3,200/mo",2 bds,1 ba,-- sqft,- Apartment for rent,NaN
573,"1844 Golden Gate Ave, San Francisco, CA 94115",NaN,"$10,999/mo",6 bds,3 ba,-- sqft,- Apartment for rent,NaN
574,"(undisclosed Address), San Francisco, CA 94112",NaN,"$3,200/mo",2 bds,1 ba,900 sqft,- House for rent,NaN
575,"493 29th St, San Francisco, CA 94131",NaN,"$4,650/mo",2 bds,1 ba,"1,295 sqft",- Apartment for rent,NaN
576,"164 Farallones St, San Francisco, CA 94112",NaN,"$3,500/mo",2 bds,1 ba,"1,036 sqft",- House for rent,NaN
577,"1586 18th Ave, San Francisco, CA 94122",NaN,"$2,000/mo",1 bd,1 ba,650 sqft,- Apartment for rent,NaN
578,"3768 Fillmore St, San Francisco, CA 94123",NaN,"$10,000/mo",3 bds,2 ba,"2,506 sqft",- Apartment for rent,NaN
579,"940 Duncan St APT 103D, San Francisco, CA 94131",NaN,"$2,850/mo",1 bd,1 ba,744 sqft,- Apartment for rent,NaN
580,"2230 Geary Blvd #3, San Francisco, CA 94115",NaN,"$1,850/mo",Studio,1 ba,650 sqft,- Apartment for rent,NaN
581,"(undisclosed Address), San Francisco, CA 94116",NaN,"$1,850/mo",1 bd,1 ba,700 sqft,- House for rent,NaN
582,"338 Bright St, San Francisco, CA 94132",NaN,"$4,450/mo",3 bds,2 ba,"1,300 sqft",- House for rent,NaN
583,"629 Dolores St, San Francisco, CA 94110",NaN,"$9,000/mo",3 bds,2 ba,"1,582 sqft",- Apartment for rent,NaN
584,"519 Guerrero St #4, San Francisco, CA 94110",NaN,"$2,500/mo",1 bd,1 ba,650 sqft,- Apartment for rent,NaN
585,"31 Ellington Ave, San Francisco, CA 94112",NaN,"$5,000/mo",4 bds,3 ba,"1,400 sqft",- House for rent,NaN
586,"(undisclosed Address), San Francisco, CA 94133",NaN,"$4,050/mo",2 bds,1 ba,"1,000 sqft",- Apartment for rent,NaN
587,"131 Hartford St #A, San Francisco, CA 94114",NaN,"$4,300/mo",1 bd,1 ba,600 sqft,- Apartment for rent,NaN
588,"460 Francisco St APT 104, San Francisco, CA 94133",NaN,"$3,495/mo",1 bd,1 ba,921 sqft,- Apartment for rent,NaN
589,"1429 Hyde St APT 2, San Francisco, CA 94109",NaN,"$2,595/mo",1 bd,1 ba,-- sqft,- Apartment for rent,NaN
590,"60 Dearborn St APT 7, San Francisco, CA 94110",NaN,"$2,944/mo",1 bd,1 ba,-- sqft,- Apartment for rent,NaN
591,"1965 Grove St, San Francisco, CA 94117",NaN,"$5,000/mo",2 bds,2 ba,"1,464 sqft",- Apartment for rent,NaN
592,"2233 N Pt St, San Francisco, CA 94123",NaN,"$3,000/mo",1 bd,1 ba,-- sqft,- Apartment for rent,NaN
593,"735-737 15th Ave, San Francisco, CA 94118",NaN,"$2,995/mo",1 bd,1 ba,815 sqft,- Apartment for rent,NaN
594,"2040 Laguna St APT 202, San Francisco, CA 94115",NaN,"$3,950/mo",2 bds,2 ba,"1,020 sqft",- Apartment for rent,NaN
595,"840 Central Ave, San Francisco, CA",NaN,"$3,900+ 3 bds",NaN,NaN,NaN,NaN,NaN
596,"375 Carl St APT 4, San Francisco, CA 94117",NaN,"$2,750/mo",2 bds,1 ba,-- sqft,- Apartment for rent,NaN
597,"2150 Hyde St APT 2, San Francisco, CA 94109",NaN,"$5,500/mo",2 bds,2 ba,-- sqft,- Apartment for rent,NaN
598,"491 15th Ave #A, San Francisco, CA 94118",NaN,"$2,200/mo",2 bds,1 ba,600 sqft,- Apartment for rent,NaN
599,"415 Parker Ave #C, San Francisco, CA 94118",NaN,"$2,500/mo",1 bd,1 ba,700 sqft,- Apartment for rent,NaN
600,"505 Sanchez St, San Francisco, CA 94114",NaN,"$4,200/mo",2 bds,1 ba,"1,000 sqft",- Apartment for rent,NaN
601,"272 Lexington St, San Francisco, CA 94110",NaN,"$3,900/mo",2 bds,1 ba,900 sqft,- Apartment for rent,NaN
602,"184 Valley St, San Francisco, CA 94131",NaN,"$2,953/mo",2 bds,1 ba,950 sqft,- Apartment for rent,NaN
603,"1275 Buchanan St APT 1, San Francisco, CA 94115",NaN,"$1,695/mo",1 bd,1 ba,500 sqft,- Apartment for rent,NaN
604,"332 12th Ave, San Francisco, CA 94118",NaN,"$2,099/mo",1 bd,1 ba,550 sqft,- Apartment for rent,NaN
605,"1594 Sanchez St, San Francisco, CA 94131",NaN,"$3,600/mo",3 bds,1.5 ba,"1,100 sqft",- Apartment for rent,NaN
606,"910 Plymouth Ave, San Francisco, CA 94112",NaN,"$1,850/mo",2 bds,1 ba,500 sqft,- House for rent,NaN
607,"1616 Noe St, San Francisco, CA 94131",NaN,"$3,295/mo",1 bd,1 ba,900 sqft,- Apartment for rent,NaN
608,"355 1st St, San Francisco, CA",NaN,"$2,600 Studio","$5,400 2 bds",NaN,NaN,NaN,NaN
609,"401 Harrison St, San Francisco, CA",NaN,"$3,445+ 1 bd","$6,000 2 bds","$5,788 3 bds",NaN,NaN,NaN
610,"1463 20th Ave #B, San Francisco, CA 94122",NaN,"$2,150/mo",1 bd,1 ba,600 sqft,- Apartment for rent,NaN
611,"230 Saint Josephs Ave APT 3, San Francisco, CA 94115",NaN,"$2,250/mo",1 bd,1 ba,425 sqft,- Apartment for rent,NaN
612,"255 Red Rock Way APT 305H, San Francisco, CA 94131",NaN,"$3,650/mo",2 bds,2 ba,"1,175 sqft",- Apartment for rent,NaN
613,"2542 Pine St, San Francisco, CA 94115",NaN,"$5,000/mo",3 bds,1 ba,"1,500 sqft",- Apartment for rent,NaN
614,"512 Frederick St APT 25, San Francisco, CA 94117",NaN,"$2,245/mo",1 bd,1 ba,400 sqft,- Apartment for rent,NaN
615,"400 Beale St, San Francisco, CA",NaN,"$3,000 1 bd","$4,300+ 2 bds",NaN,NaN,NaN,NaN
616,"199 New Montgomery St, San Francisco, CA",NaN,"$1,950+ Studio","$2,600+ 1 bd","$3,300 2 bds",NaN,NaN,NaN
617,"1549 Treat Ave, San Francisco, CA 94110",NaN,"$3,250/mo",2 bds,1 ba,900 sqft,- Apartment for rent,NaN
618,"1360 Washington St, San Francisco, CA 94109",NaN,"$2,800/mo",2 bds,1 ba,-- sqft,- Apartment for rent,NaN
619,"189 Dolores St, San Francisco, CA 94103",NaN,"$2,625/mo",1 bd,1 ba,-- sqft,- Apartment for rent,NaN
620,"531 Pennsylvania Ave, San Francisco, CA 94107",NaN,"$4,600/mo",3 bds,2 ba,"1,575 sqft",- Apartment for rent,NaN
621,"45 Bartlett St, San Francisco, CA",NaN,"$3,000 1 bd","$4,800 2 bds",NaN,NaN,NaN,NaN
622,"4225 Cesar Chavez St #2, San Francisco, CA 94131",NaN,"$1,595/mo",Studio,1 ba,310 sqft,- Apartment for rent,NaN
623,"217 Laussat St, San Francisco, CA 94117",NaN,"$3,400/mo",2 bds,1 ba,"1,400 sqft",- Townhouse for rent,NaN
624,"1121 Bush St APT 4, San Francisco, CA 94109",NaN,"$2,350/mo",1 bd,1 ba,750 sqft,- Apartment for rent,NaN
625,"1415 27th Ave, San Francisco, CA 94122",NaN,"$2,700/mo",2 bds,1 ba,"1,200 sqft",- Apartment for rent,NaN
626,"1917 Oakdale Ave #A, San Francisco, CA 94124",NaN,"$2,500/mo",2 bds,1 ba,800 sqft,- Apartment for rent,NaN
627,"260 King St, San Francisco, CA",NaN,"$2,495 Studio","$3,800+ 2 bds",NaN,NaN,NaN,NaN
628,"1615 Golden Gate Ave, San Francisco, CA 94115",NaN,"$5,500/mo",4 bds,1 ba,"1,800 sqft",- Apartment for rent,NaN
629,"270 Bayview Cir, San Francisco, CA 94124",NaN,"$4,500/mo",2 bds,2 ba,"1,601 sqft",- House for rent,NaN
630,"65 Coleridge St, San Francisco, CA 94110",NaN,"$4,500/mo",2 bds,1 ba,"1,000 sqft",- Apartment for rent,NaN
631,"61 Grace St, San Francisco, CA 94103",NaN,"$3,995/mo",3 bds,2 ba,"1,200 sqft",- Condo for rent,NaN
632,"2845 Polk St APT 301, San Francisco, CA 94109",NaN,"$2,395/mo",1 bd,1 ba,-- sqft,- Apartment for rent,NaN
633,"118 Chenery St #A, San Francisco, CA 94131",NaN,"$1,700/mo",Studio,1 ba,600 sqft,- Apartment for rent,NaN
634,"3723 Cesar Chavez, San Francisco, CA 94110",NaN,"$2,495/mo",1 bd,1 ba,450 sqft,- Apartment for rent,NaN
635,"3418 26th St, San Francisco, CA 94110",NaN,"$3,000/mo",1 bd,2 ba,615 sqft,- Apartment for rent,NaN
636,"4131 Judah St, San Francisco, CA 94122",NaN,"$3,000/mo",2 bds,1 ba,"1,150 sqft",- Apartment for rent,NaN
637,"3701 Noriega St, San Francisco, CA",NaN,"$4,300+ 2 bds","$5,500 3 bds",NaN,NaN,NaN,NaN
638,"201 Harrison St, San Francisco, CA",NaN,"$2,300 Studio","$2,950 1 bd","$3,600+ 2 bds",NaN,NaN,NaN
639,"109 Bartlett St, San Francisco, CA",NaN,"$1,995 Studio","$2,950 1 bd",NaN,NaN,NaN,NaN
640,"401 Harrison St, San Francisco, CA",NaN,"$3,445+ 1 bd","$6,000 2 bds","$5,788 3 bds",NaN,NaN,NaN
641,"6827 Geary Blvd, San Francisco, CA 94121",NaN,"$3,000/mo",2 bds,1 ba,-- sqft,- Apartment for rent,NaN
642,"(undisclosed Address), San Francisco, CA 94122",NaN,"$1,790/mo",Studio,1 ba,500 sqft,- Apartment for rent,NaN
643,"1884 Filbert St, San Francisco, CA 94123",NaN,"$3,800/mo",2 bds,1 ba,850 sqft,- Apartment for rent,NaN
644,"65 Coleridge St, San Francisco, CA 94110",NaN,"$4,500/mo",2 bds,1 ba,"1,000 sqft",- Apartment for rent,NaN
645,"998 Divisadero St #103, San Francisco, CA 94115",NaN,"$1,895/mo",Studio,1 ba,-- sqft,- Apartment for rent,NaN
646,"76 Peralta Ave, San Francisco, CA 94110",NaN,"$2,800/mo",1 bd,1 ba,800 sqft,- House for rent,NaN
647,"2450 Bayshore Blvd, San Francisco, CA 94134",NaN,"$1,300/mo",Studio,1 ba,450 sqft,- Apartment for rent,NaN
648,"505 Sanchez St, San Francisco, CA 94114",NaN,"$4,200/mo",2 bds,1 ba,"1,000 sqft",- Apartment for rent,NaN
649,"1121 Bush St APT 4, San Francisco, CA 94109",NaN,"$2,350/mo",1 bd,1 ba,750 sqft,- Apartment for rent,NaN
650,"2150 Hyde St APT 2, San Francisco, CA 94109",NaN,"$5,500/mo",2 bds,2 ba,-- sqft,- Apartment for rent,NaN
651,"415 Parker Ave #C, San Francisco, CA 94118",NaN,"$2,500/mo",1 bd,1 ba,700 sqft,- Apartment for rent,NaN
652,"(undisclosed Address), San Francisco, CA 94116",NaN,"$1,850/mo",1 bd,1 ba,700 sqft,- House for rent,NaN
653,"164 Farallones St, San Francisco, CA 94112",NaN,"$3,500/mo",2 bds,1 ba,"1,036 sqft",- House for rent,NaN
654,"1429 Hyde St APT 2, San Francisco, CA 94109",NaN,"$2,595/mo",1 bd,1 ba,-- sqft,- Apartment for rent,NaN
655,"2682 San Jose Ave, San Francisco, CA 94112",NaN,"$3,000/mo",2 bds,1 ba,"1,050 sqft",- House for rent,NaN
656,"50 Manzanita Ave #48A, San Francisco, CA 94118",NaN,"$2,750/mo",1 bd,1 ba,500 sqft,- Apartment for rent,NaN
657,"499 33rd Ave APT 301, San Francisco, CA 94121",NaN,"$4,000/mo",3 bds,2.5 ba,"1,299 sqft",- Apartment for rent,NaN
658,"1819 Mcallister St, San Francisco, CA 94115",NaN,"$4,500/mo",3 bds,1 ba,"1,200 sqft",- Apartment for rent,NaN
659,"2701 Van Ness Ave APT 506, San Francisco, CA 94109",NaN,"$1,695/mo",Studio,1 ba,555 sqft,- Apartment for rent,NaN
660,"7 Danvers, San Francisco, CA 94127",NaN,"$3,000/mo",1 bd,1 ba,-- sqft,- Apartment for rent,NaN
661,"324 Union St, San Francisco, CA 94133",NaN,"$2,795/mo",1 bd,1 ba,750 sqft,- Apartment for rent,NaN
662,"45 Bartlett St, San Francisco, CA",NaN,"$3,000 1 bd","$4,800 2 bds",NaN,NaN,NaN,NaN
663,"493 29th St, San Francisco, CA 94131",NaN,"$4,650/mo",2 bds,1 ba,"1,295 sqft",- Apartment for rent,NaN
664,"4131 Judah St, San Francisco, CA 94122",NaN,"$3,000/mo",2 bds,1 ba,"1,150 sqft",- Apartment for rent,NaN
665,"1463 20th Ave #B, San Francisco, CA 94122",NaN,"$2,150/mo",1 bd,1 ba,600 sqft,- Apartment for rent,NaN
666,"1366 10th Ave, San Francisco, CA 94122",NaN,"$3,900/mo",3 bds,1 ba,"1,250 sqft",- Apartment for rent,NaN
667,"2 Montague Pl, San Francisco, CA 94133",NaN,"$3,195/mo",1 bd,1 ba,800 sqft,- Apartment for rent,NaN
668,"862 Guerrero St APT 1, San Francisco, CA 94110",NaN,"$2,200/mo",Studio,1 ba,500 sqft,- Apartment for rent,NaN
669,"108 Langton St APT B, San Francisco, CA 94103",NaN,"$2,895/mo",2 bds,2 ba,775 sqft,- Apartment for rent,NaN
670,"2303 Webster St, San Francisco, CA 94115",NaN,"$2,150/mo",1 bd,1 ba,700 sqft,- Apartment for rent,NaN
671,"1961 Jefferson St APT 3, San Francisco, CA 94123",NaN,"$2,295/mo",Studio,1 ba,600 sqft,- Apartment for rent,NaN
672,"61 Grace St, San Francisco, CA 94103",NaN,"$3,995/mo",3 bds,2 ba,"1,200 sqft",- Condo for rent,NaN
673,"409 26th Ave #3, San Francisco, CA 94121",NaN,"$1,895/mo",1 bd,1 ba,-- sqft,- Apartment for rent,NaN
674,"109 Lower Ter, San Francisco, CA 94114",NaN,"$6,450/mo",3 bds,2 ba,"1,500 sqft",- Apartment for rent,NaN
675,"217 Laussat St, San Francisco, CA 94117",NaN,"$3,400/mo",2 bds,1 ba,"1,400 sqft",- Townhouse for rent,NaN
676,"510 39th Ave, San Francisco, CA 94121",NaN,"$5,500/mo",5 bds,3 ba,"2,400 sqft",- House for rent,NaN
677,"287 Sweeny St #287, San Francisco, CA 94134",NaN,"$1,800/mo",1 bd,1 ba,-- sqft,- Apartment for rent,NaN
678,"540 Filbert St, San Francisco, CA 94133",NaN,"$2,385/mo",2 bds,1 ba,700 sqft,- Apartment for rent,NaN
679,"374 11th St UNIT 6, San Francisco, CA 94103",NaN,"$5,950/mo",2 bds,2.5 ba,"2,095 sqft",- Apartment for rent,NaN
680,"1555 Shafter Ave, San Francisco, CA 94124",NaN,"$2,850/mo",2 bds,1 ba,900 sqft,- Apartment for rent,NaN
681,"415 Parker Ave #C, San Francisco, CA 94118",NaN,"$2,500/mo",1 bd,1 ba,700 sqft,- Apartment for rent,NaN
682,"1745 Pacific Ave, San Francisco, CA",NaN,"$2,195+ Studio","$2,495+ 1 bd",NaN,NaN,NaN,NaN
683,"445 Union St, San Francisco, CA 94133",NaN,"$2,880/mo",2 bds,1 ba,600 sqft,- House for rent,NaN
684,"1463 20th Ave #B, San Francisco, CA 94122",NaN,"$2,150/mo",1 bd,1 ba,600 sqft,- Apartment for rent,NaN
685,"570 Innes Ave, San Francisco, CA 94124",NaN,"$3,200/mo",2 bds,2 ba,957 sqft,- Apartment for rent,NaN
686,"268 Somerset St, San Francisco, CA 94134",NaN,"$3,900/mo",3 bds,2 ba,"1,600 sqft",- House for rent,NaN
687,"1961 Jefferson St APT 3, San Francisco, CA 94123",NaN,"$2,295/mo",Studio,1 ba,600 sqft,- Apartment for rent,NaN
688,"61 Grace St, San Francisco, CA 94103",NaN,"$3,995/mo",3 bds,2 ba,"1,200 sqft",- Condo for rent,NaN
689,"344 Carl St #6, San Francisco, CA 94117",NaN,"$2,475/mo",1 bd,1 ba,600 sqft,- Apartment for rent,NaN
690,"375 Carl St APT 4, San Francisco, CA 94117",NaN,"$2,750/mo",2 bds,1 ba,-- sqft,- Apartment for rent,NaN
691,"1549 Treat Ave, San Francisco, CA 94110",NaN,"$3,250/mo",2 bds,1 ba,900 sqft,- Apartment for rent,NaN
692,"501 33rd Ave APT 305, San Francisco, CA 94121",NaN,"$4,500/mo",3 bds,3 ba,"1,847 sqft",- Apartment for rent,NaN
693,"11 San Antonio Pl #1, San Francisco, CA 94133",NaN,"$2,100/mo",1 bd,1 ba,600 sqft,- Apartment for rent,NaN
694,"287 Sweeny St #287, San Francisco, CA 94134",NaN,"$1,800/mo",1 bd,1 ba,-- sqft,- Apartment for rent,NaN
695,"647 18th Ave, San Francisco, CA 94121",NaN,"$2,750/mo",2 bds,1 ba,950 sqft,- Apartment for rent,NaN
696,"1884 Filbert St, San Francisco, CA 94123",NaN,"$3,800/mo",2 bds,1 ba,850 sqft,- Apartment for rent,NaN
697,"189 Dolores St, San Francisco, CA 94103",NaN,"$2,625/mo",1 bd,1 ba,-- sqft,- Apartment for rent,NaN
698,"510 39th Ave, San Francisco, CA 94121",NaN,"$5,500/mo",5 bds,3 ba,"2,400 sqft",- House for rent,NaN
699,"75 Sierra St APT 301, San Francisco, CA 94107",NaN,"$4,000/mo",2 bds,2 ba,"1,175 sqft",- Condo for rent,NaN
700,"1200 Silver Ave, San Francisco, CA 94134",NaN,"$5,300/mo",4 bds,3 ba,-- sqft,- Apartment for rent,NaN
701,"1239 24th Ave, San Francisco, CA 94122",NaN,"$3,950/mo",2 bds,1 ba,"1,500 sqft",- Apartment for rent,NaN
702,"1121 Bush St APT 4, San Francisco, CA 94109",NaN,"$2,350/mo",1 bd,1 ba,750 sqft,- Apartment for rent,NaN
703,"1385 Masonic Ave, San Francisco, CA 94117",NaN,"$5,400/mo",4 bds,2 ba,"1,800 sqft",- Apartment for rent,NaN
704,"45 Bartlett St, San Francisco, CA",NaN,"$3,000 1 bd","$4,800 2 bds",NaN,NaN,NaN,NaN
705,"407 29th St APT 2, San Francisco, CA 94131",NaN,"$2,500/mo",1 bd,1 ba,700 sqft,- Apartment for rent,NaN
706,"840 Central Ave, San Francisco, CA",NaN,"$3,900+ 3 bds",NaN,NaN,NaN,NaN,NaN
707,"2189 Bay Shore Blvd #302, San Francisco, CA 94134",NaN,"$4,000/mo",3 bds,2.5 ba,"1,230 sqft",- Apartment for rent,NaN
708,"1314 44th Ave, San Francisco, CA 94122",NaN,"$2,300/mo",1 bd,1 ba,500 sqft,- House for rent,NaN
709,"1356 47th Ave #A, San Francisco, CA 94122",NaN,"$4,500/mo",3 bds,2 ba,"1,700 sqft",- Apartment for rent,NaN
710,"2683 Sutter St, San Francisco, CA 94115",NaN,"$3,890/mo",2 bds,1 ba,"1,210 sqft",- Apartment for rent,NaN
711,"1923 Oak St, San Francisco, CA 94117",NaN,"$4,000/mo",3 bds,1 ba,"1,300 sqft",- Apartment for rent,NaN
712,"432 Collingwood St, San Francisco, CA 94114",NaN,"$3,500/mo",2 bds,2 ba,790 sqft,- House for rent,NaN
713,"(undisclosed Address), San Francisco, CA 94116",NaN,"$1,850/mo",1 bd,1 ba,700 sqft,- House for rent,NaN
714,"50 Manzanita Ave #48A, San Francisco, CA 94118",NaN,"$2,750/mo",1 bd,1 ba,500 sqft,- Apartment for rent,NaN
715,"648 4th Ave, San Francisco, CA 94118",NaN,"$3,300/mo",2 bds,1 ba,"1,100 sqft",- Apartment for rent,NaN
716,"869 Grove St, San Francisco, CA 94117",NaN,"$5,400/mo",3 bds,2 ba,"1,100 sqft",- Apartment for rent,NaN
717,"419 Ivy St, San Francisco, CA",NaN,"$1,400+ Studio","$1,995+ 1 bd",NaN,NaN,NaN,NaN
718,"Ome Apartments | 663 Clementina St, San Francisco, CA",NaN,"$2,050+ Studio","$2,095+ 1 bd",NaN,NaN,NaN,NaN
719,"1137 Webster St APT 3, San Francisco, CA 94115",NaN,"$2,975/mo",1 bd,1 ba,750 sqft,- Apartment for rent,NaN
720,"2323 Larkin St APT 2, San Francisco, CA 94109",NaN,"$3,200/mo",2 bds,1 ba,850 sqft,- Apartment for rent,NaN
721,"1845 Lake St #5, San Francisco, CA 94121",NaN,"$3,400/mo",3 bds,1.5 ba,950 sqft,- Apartment for rent,NaN
722,"542 43rd Ave, San Francisco, CA 94121",NaN,"$3,850/mo",2 bds,1 ba,"1,200 sqft",- Apartment for rent,NaN
723,"601 Van Ness Ave, San Francisco, CA",NaN,"$1,950 Studio","$2,500+ 1 bd","$3,500 2 bds",NaN,NaN,NaN
724,"Astella | 975 Bryant St, San Francisco, CA",NaN,"$2,224+ Studio","$2,595+ 1 bd","$3,544+ 2 bds","$5,318+ 3 bds",NaN,NaN
725,"70 Stanford Heights Ave, San Francisco, CA 94127",NaN,"$4,200/mo",3 bds,2 ba,"1,220 sqft",- House for rent,NaN
726,"1515 15th St, San Francisco, CA 94103",NaN,"$4,895/mo",2 bds,2 ba,"1,113 sqft",- Apartment for rent,NaN
727,"555 Ortega St, San Francisco, CA 94122",NaN,"$6,600/mo",4 bds,2 ba,"2,067 sqft",- House for rent,NaN
728,"(undisclosed Address), San Francisco, CA 94134",NaN,"$1,350/mo",Studio,1 ba,600 sqft,- House for rent,NaN
729,"2160 Van Ness Ave, San Francisco, CA",NaN,"$1,875+ Studio",NaN,NaN,NaN,NaN,NaN
730,"725 Ellis St #603, San Francisco, CA 94109",NaN,"$1,595/mo",Studio,1 ba,-- sqft,- Apartment for rent,NaN
731,"Modera Rincon Hill | 390 1st St, San Francisco, CA",NaN,"$2,907+ Studio","$3,485+ 1 bd","$5,001+ 2 bds","$11,007+ 3 bds",NaN,NaN
732,"228 Haight St, San Francisco, CA 94102",NaN,"$7,250/mo",5 bds,2 ba,"1,900 sqft",- Apartment for rent,NaN
733,"240 Lombard St, San Francisco, CA",NaN,"$2,600 Studio","$2,650+ 1 bd",NaN,NaN,NaN,NaN
734,"520 Geary St | 520 Geary St, San Francisco, CA",NaN,"$1,395+ Studio",NaN,NaN,NaN,NaN,NaN
735,"(undisclosed Address), San Francisco, CA 94108",NaN,"$1,695/mo",Studio,1 ba,300 sqft,- Apartment for rent,NaN
736,"(undisclosed Address), San Francisco, CA 94123",NaN,"$4,390/mo",1 bd,1 ba,"1,000 sqft",- Apartment for rent,NaN
737,"1450 Golden Gate Ave #MHM3MRD2T, San Francisco, CA 94115",NaN,"$3,495+/mo",Studio,1 ba,610 sqft,- Apartment for rent,NaN
738,"Nob Hill Place | 1155 Jones St, San Francisco, CA",NaN,"$2,450+ 1 bd",NaN,NaN,NaN,NaN,NaN
739,"480 Potrero Ave | 480 Potrero Ave, San Francisco, CA",NaN,"$2,495+ 2 bds","$3,675+ 3 bds",NaN,NaN,NaN,NaN
740,"2175 Market | 2175 Market St, San Francisco, CA",NaN,"$3,320+ 1 bd","$4,244+ 2 bds",NaN,NaN,NaN,NaN
741,"1782 Lombard St, San Francisco, CA 94123",NaN,"$3,500/mo",2 bds,1.5 ba,-- sqft,- House for rent,NaN
742,"1168 Folsom St #MTMHYGJPZ, San Francisco, CA 94103",NaN,"$4,000+/mo",3 bds,2 ba,"1,000 sqft",- Apartment for rent,NaN
743,"1799 Filbert St APT 3, San Francisco, CA 94123",NaN,"$3,500/mo",1 bd,1 ba,-- sqft,- Apartment for rent,NaN
744,"3325 Steiner Street | 3325 Steiner St, San Francisco, CA",NaN,"$2,000+ Studio",NaN,NaN,NaN,NaN,NaN
745,"191 Frederick St APT 25, San Francisco, CA 94117",NaN,"$2,050/mo",Studio,1 ba,-- sqft,- Apartment for rent,NaN
746,"1660 Sutter St APT 202, San Francisco, CA 94109",NaN,"$2,350/mo",1 bd,1 ba,750 sqft,- Apartment for rent,NaN
747,"1856 Mcallister St #P0Y9GFETX, San Francisco, CA 94115",NaN,"$2,100/mo",Studio,1 ba,243 sqft,- Apartment for rent,NaN
748,"3649 Market Street | 3649 Market St, San Francisco, CA",NaN,"$2,150 Studio","$3,250+ 2 bds",NaN,NaN,NaN,NaN
749,"Highpoint | 1888 Geneva Ave, San Francisco, CA",NaN,"$3,350+ 2 bds",NaN,NaN,NaN,NaN,NaN
750,"320 Connecticut St, San Francisco, CA 94107",NaN,"$3,800/mo",2 bds,1.5 ba,"1,150 sqft",- Apartment for rent,NaN
751,"1348 Sacramento St APT 8, San Francisco, CA 94109",NaN,"$2,800/mo",1 bd,1 ba,-- sqft,- Apartment for rent,NaN
752,"3445 Pierce St #205, San Francisco, CA 94123",NaN,"$3,595/mo",1 bd,1 ba,740 sqft,- Apartment for rent,NaN
753,"Lakewood at Lake Merced | 515 John Muir Dr, San Francisco, CA",NaN,"$2,300+ Studio","$2,560+ 1 bd","$3,470+ 2 bds",NaN,NaN,NaN
754,"1594 30th Ave, San Francisco, CA 94122",NaN,"$2,450/mo",2 bds,1 ba,750 sqft,- Apartment for rent,NaN
755,"3330 Pierce St APT 105, San Francisco, CA 94123",NaN,"$2,850/mo",Studio,1 ba,695 sqft,- Apartment for rent,NaN
756,"290 Alhambra St #7, San Francisco, CA 94123",NaN,"$3,150/mo",1 bd,1 ba,675 sqft,- Apartment for rent,NaN
757,"666 Post St, San Francisco, CA 94109",NaN,"$2,800/mo",1 bd,1 ba,770 sqft,- Apartment for rent,NaN
758,"1645 Fulton St | 1645 Fulton St, San Francisco, CA",NaN,"$2,495+ 1 bd","$2,500+ 2 bds",NaN,NaN,NaN,NaN
759,"754 Post St, San Francisco, CA",NaN,"$1,500+ Studio","$2,350 1 bd",NaN,NaN,NaN,NaN
760,"2290 Francisco St APT 101, San Francisco, CA 94123",NaN,"$2,895/mo",Studio,1 ba,550 sqft,- Apartment for rent,NaN
761,"1758 10th Ave #Y2KM6Y1CT, San Francisco, CA 94122",NaN,"$2,300+/mo",1 bd,1 ba,-- sqft,- Apartment for rent,NaN
762,"2241 Market St #2213A, San Francisco, CA 94114",NaN,"$5,700/mo",3 bds,2.5 ba,-- sqft,- Apartment for rent,NaN
763,"22 Franklin St #EF2TWWX4Q, San Francisco, CA 94102",NaN,"$2,695+/mo",2 bds,1 ba,700 sqft,- Apartment for rent,NaN
764,"2126 48th Ave, San Francisco, CA 94116",NaN,"$5,495/mo",3 bds,2 ba,"1,325 sqft",- House for rent,NaN
765,"536 Thornton Ave #6, San Francisco, CA 94124",NaN,"$2,488/mo",2 bds,1 ba,"1,000 sqft",- Apartment for rent,NaN
766,"1887 38th Ave #A, San Francisco, CA 94122",NaN,"$2,299/mo",1 bd,1 ba,500 sqft,- Apartment for rent,NaN
767,"420 Mission Bay Blvd N UNIT 222, San Francisco, CA 94158",NaN,"$5,600/mo",2 bds,2 ba,"1,426 sqft",- Apartment for rent,NaN
768,"643 Minna St, San Francisco, CA",NaN,"$4,600+ 4 bds",NaN,NaN,NaN,NaN,NaN
769,"8300 Oceanview Ter, San Francisco, CA",NaN,"$2,400 1 bd","$3,350 2 bds",NaN,NaN,NaN,NaN
770,"172 Haight St #1, San Francisco, CA 94102",NaN,"$1,925/mo",Studio,1 ba,-- sqft,- Apartment for rent,NaN
771,"555 4th Ave #B, San Francisco, CA 94118",NaN,"$1,875/mo",Studio,1 ba,300 sqft,- Apartment for rent,NaN
772,"3678 16th St, San Francisco, CA 94114",NaN,"$8,750/mo",4 bds,3 ba,"1,670 sqft",- Apartment for rent,NaN
773,"3680C 16th St, San Francisco, CA 94114",NaN,"$7,100/mo",3 bds,3 ba,"1,400 sqft",- Apartment for rent,NaN
774,"15B Scotland St #B, San Francisco, CA 94133",NaN,"$2,400/mo",1 bd,1 ba,400 sqft,- Apartment for rent,NaN
775,"3935 Mission St #3M, San Francisco, CA 94112",NaN,"$2,950/mo",1 bd,1 ba,800 sqft,- Apartment for rent,NaN
776,"719 Larkin St, San Francisco, CA",NaN,"$2,395+ 1 bd",NaN,NaN,NaN,NaN,NaN
777,"25 Sharon St, San Francisco, CA",NaN,"$2,800 1 bd","$3,250 2 bds",NaN,NaN,NaN,NaN
778,"3890 18th St #1J, San Francisco, CA 94114",NaN,"$3,595/mo",2 bds,1 ba,900 sqft,- Apartment for rent,NaN
779,"43 Diamond St, San Francisco, CA 94114",NaN,"$4,995/mo",3 bds,2 ba,"1,400 sqft",- Apartment for rent,NaN
780,"875 Post St | 875 Post St, San Francisco, CA",NaN,"$1,295+ Studio",NaN,NaN,NaN,NaN,NaN
781,"83 Mcallister St, San Francisco, CA",NaN,"$2,200 Studio","$1,795 1 bd",NaN,NaN,NaN,NaN
782,"Common City Gardens | 333 12th St, San Francisco, CA",NaN,"$1,441+ 2 bds","$1,145+ 4 bds","$1,095+ 5 bds",NaN,NaN,NaN
783,"1075 Union St #1075, San Francisco, CA 94133",NaN,"$3,500/mo",2 bds,1 ba,"1,600 sqft",- Apartment for rent,NaN
784,"4130 Cesar Chavez St APT 40, San Francisco, CA 94131",NaN,"$2,850/mo",1 bd,1 ba,-- sqft,- Apartment for rent,NaN
785,"30 Dore St #965JHCUEQ, San Francisco, CA 94103",NaN,"$2,495+/mo",1 bd,1 ba,415 sqft,- Apartment for rent,NaN
786,"555 Golden Gate Ave UNIT 304, San Francisco, CA 94102",NaN,"$3,200/mo",1 bd,1 ba,573 sqft,- Apartment for rent,NaN
787,"626 Powell | 626 Powell St, San Francisco, CA",NaN,"$1,795+ Studio","$2,195 1 bd","$3,295 2 bds",NaN,NaN,NaN
788,"3914 23rd St #B, San Francisco, CA 94114",NaN,"$2,850/mo",1 bd,1 ba,-- sqft,- Apartment for rent,NaN
789,"2301 Larkin St, San Francisco, CA",NaN,"$2,995+ 1 bd",NaN,NaN,NaN,NaN,NaN
790,"1487 Sacramento St APT 6, San Francisco, CA 94109",NaN,"$1,850/mo",1 bd,1 ba,-- sqft,- Apartment for rent,NaN
791,"2270 N Point St APT 10, San Francisco, CA 94123",NaN,"$3,695/mo",1 bd,1 ba,"1,050 sqft",- Apartment for rent,NaN
792,"428 Union St #C, San Francisco, CA 94133",NaN,"$2,500/mo",2 bds,1 ba,-- sqft,- Apartment for rent,NaN
793,"520 Bartlett St, San Francisco, CA",NaN,"$3,195+ 2 bds",NaN,NaN,NaN,NaN,NaN
794,"511 Webster St #B, San Francisco, CA 94117",NaN,"$5,390/mo",3 bds,2 ba,"1,600 sqft",- Apartment for rent,NaN
795,"(undisclosed Address), San Francisco, CA 94107",NaN,"$4,595/mo",2 bds,1 ba,"1,000 sqft",- Apartment for rent,NaN
796,"1100-1104 Fell St #501-505, San Francisco, CA 94117",NaN,"$4,995/mo",3 bds,2 ba,-- sqft,- Apartment for rent,NaN
797,"824 Brazil Ave, San Francisco, CA",NaN,"$3,830+ 3 bds",NaN,NaN,NaN,NaN,NaN
798,"1307 Hayes St APT 1, San Francisco, CA 94117",NaN,"$2,550/mo",1 bd,1 ba,-- sqft,- Apartment for rent,NaN
799,"(undisclosed Address), San Francisco, CA 94116",NaN,"$2,200/mo",1 bd,1 ba,600 sqft,- Apartment for rent,NaN
